OTU,alpha
Staphylococcus_1,0.0302899580951136
Staphylococcus_2,0.0249915169105686
Staphylococcus_3,0.0238755857041654
Staphylococcus_4,0.0208900286808133
Staphylococcus_5,0.0197109132613795
Bacillales_15,0.022636508153712
Granulicatella_16,0.0270076587981893
Granulicatella_18,0.0135161492691818
Granulicatella_22,0.0476603500725932
Granulicatella_26,0.0250671210283042
Lactobacillales_29,0.0196589625799746
Staphylococcus_35,0.0377130494283043
Bacillales_37,0.0159877509057842
Streptococcus_39,0.0632166907972671
Bacillales_40,0.0404175915018009
Staphylococcus_41,0.0199008308678794
Bacillales_43,0.0251499407813392
Bacillales_44,0.0257392363855154
Gemella_45,0.0609620941116705
Gemella_48,0.0446930613593296
Gemella_50,0.0147325215110862
Bacillales_51,0.0109533368238253
Bacillales_58,0.0361725943343157
Bacillales_60,0.0122175049940182
Gemella_61,0.00488318489832813
Bacillales_63,0.00856297981991543
Planomicrobium_65,0.00977406388199284
Bacillales_70,0.0197969059608599
Gemella_71,0.033156221549968
Gemella_73,0.0195180324069908
Streptococcus_75,0.0135197224438944
Gemella_77,0.0588957781745924
Bacillales_81,0.014682639862278
Bacillales_83,0.0161677671083301
Gemella_84,0.0273145096693137
Gemella_86,0.0459755158039075
Gemella_88,0.0146192140515073
Gemella_93,0.272336663197908
Gemella_94,0.0798645295326793
Gemella_97,0.00975346955671987
Staphylococcus_143,0.032913056397734
Carnobacteriaceae_147,0.0335835317088973
Granulicatella_148,0.0740866283778289
Staphylococcus_157,0.0214010171879343
Staphylococcus_165,0.0589644383464096
Staphylococcus_166,0.0308246553463665
Staphylococcus_168,0.0260132300236346
Streptococcus_169,0.0262675612309546
Lactobacillales_170,0.0249709936179869
Staphylococcus_175,0.0314644795158794
Staphylococcus_180,0.0408876456152677
Lactobacillus_190,0.00850356309750644
Lactobacillus_195,0.0421489119775071
Lactobacillus_197,0.0148561964543144
Lactobacillus_201,0.0481151030544768
Lactobacillus_204,0.0121703786792966
Lactobacillus_206,0.0110209863258364
Lactobacillus_211,0.00730024865170893
Lactobacillus_215,0.00853452646087956
Lactobacillus_217,0.00365050226020356
Lactobacillus_219,0.041315171659943
Lactobacillus_226,0.00365456996763501
Lactobacillus_232,0.0565523519513829
Lactobacillus_239,0.0187505297856013
Lactobacillus_242,0.00487167619868627
Lactobacillus_245,0.0073153365703239
Leuconostoc_258,0.00735339402245162
Lactococcus_262,0.0184118547539214
Streptococcus_266,0.028772808125429
Streptococcus_271,0.00850240810920796
Streptococcus_272,0.00976094138778137
Streptococcus_275,0.0227339877859761
Streptococcus_276,0.168300327976674
Streptococcus_277,0.0110277532174237
Streptococcus_314,0.00860221017279537
Streptococcus_320,0.011002607060588
Streptococcus_322,0.0134671325389169
Streptococcus_323,0.00487794339575923
Streptococcus_327,0.00120631592576464
Streptococcus_330,0.00120850047597246
Streptococcus_331,0.00120631592576464
Streptococcus_336,0.014684821811559
Streptococcus_337,0.00241263185152928
Streptococcus_343,0.00241263185152928
Streptococcus_346,0.0122759694149478
Streptococcus_357,0.0182046330118632
Streptococcus_361,0.0246635744115192
Streptococcus_362,0.0430940119810927
Streptococcus_365,0.125714421050223
Streptococcus_369,0.03751724760203
Streptococcus_370,0.0195480640504698
Streptococcus_372,0.0266014668821083
Streptococcus_373,0.160834193948428
Streptococcus_374,0.0518991515706946
Streptococcus_375,0.0383916750508898
Streptococcus_377,0.119355739721715
Streptococcus_378,0.0500795228983271
Streptococcus_379,0.541683315981014
Streptococcus_380,0.0645580504570495
Streptococcus_382,0.023224511041337
Streptococcus_383,0.0489187197111173
Clostridiales_400,0.0158921580504668
Streptococcus_401,0.0185006285606761
Streptococcus_402,0.00979861918924088
Streptococcus_404,0.0134101461980415
Streptococcus_414,0.0207358397951736
Streptococcus_416,0.0589305290263739
Streptococcus_420,0.0147971452769668
Streptococcus_421,0.0721707079982494
Streptococcus_423,0.0334944991019633
Streptococcus_425,0.013403385342337
Streptococcus_427,0.0218808283215782
Streptococcus_428,0.0604769512931379
Streptococcus_429,0.257804626612371
Streptococcus_430,0.0183049252516472
Streptococcus_433,0.0401936248957774
Streptococcus_435,0.00604245854227074
Streptococcus_437,0.0425172567578084
Streptococcus_444,0.0767516408847443
Streptococcus_448,0.0706955766265673
Streptococcus_451,0.0419309562907184
Streptococcus_452,0.104990582710618
Streptococcus_453,0.00853155484782738
Streptococcus_454,0.0158296451376338
Streptococcus_456,0.038248466029461
Streptococcus_457,0.0206932895181074
Streptococcus_460,0.0183209831283394
Streptococcus_462,0.622493810886047
Streptococcus_463,0.0122925187518744
Streptococcus_464,0.0480832584839828
Streptococcus_465,0.106920984986384
Streptococcus_466,0.0363265668255221
Streptococcus_468,0.0135135528872477
Streptococcus_469,0.0206986168775215
Streptococcus_477,0.0195233612096846
Streptococcus_479,0.04405665889519
Streptococcus_483,0.0109550859402398
Streptococcus_484,0.0292888531646694
Streptococcus_486,0.0336564147478363
Streptococcus_487,0.0194739887363747
Streptococcus_492,0.0133839076456792
Streptococcus_498,0.162780292529565
Streptococcus_504,0.0427183052287403
Streptococcus_508,0.0270078670429063
Streptococcus_511,0.0431127179721503
Bacilli_512,0.0548056359033557
Streptococcus_522,0.0012077711217598
Bacilli_526,0.0182454394021799
Streptococcus_532,0.0187298017500581
Streptococcus_534,0.0493538759616362
Streptococcus_538,0.00364985181649073
Streptococcus_544,0.00976048633311487
Streptococcus_545,0.00730910294029435
Firmicutes_547,0.412215965600431
Streptococcus_549,0.0479555749065881
Streptococcus_552,0.0797857087209987
Streptococcus_558,0.0146112730949089
Streptococcus_559,0.054265984546045
Streptococcus_566,0.00483979622379577
Streptococcus_570,0.0160268292427239
Streptococcus_571,0.0175875685771705
Streptococcus_572,0.0226016903396301
Firmicutes_600,0.00731349126605647
Streptococcus_601,0.00983967231156674
Streptococcus_603,0.00607924871151918
Streptococcus_607,0.0311556213130874
Streptococcus_611,0.023259009917058
Streptococcus_616,0.00608950981882017
Streptococcus_617,0.00364189798031131
Streptococcus_619,0.0211232892780773
Streptococcus_620,0.00975598116662459
Streptococcus_621,0.0159196200069781
Streptococcus_622,0.0343806247949824
Streptococcus_630,0.00984973418884098
Streptococcus_635,0.018494845087743
Streptococcus_636,0.0172307276691577
Streptococcus_644,0.0121812208931548
Streptococcus_648,0.0518843846605547
Streptococcus_649,0.0308019755784235
Streptococcus_653,0.0444647374873512
Blautia_655,0.00606871806602408
Blautia_656,0.012232147037201
Streptococcus_669,0.0327250529671005
Streptococcus_670,0.0172501469010182
Blautia_672,0.025138096254201
Streptococcus_675,0.0272535612627411
Streptococcus_676,0.0654936206717534
Streptococcus_679,0.0249878017700656
Staphylococcus_680,0.0147942234951777
Streptococcus_683,0.0367654491771054
Streptococcus_688,0.0200511505962525
Peptostreptococcaceae_696,0.00609729479495945
Peptostreptococcus_704,0.0470498138517191
Peptostreptococcaceae_707,0.0122100834855449
Peptostreptococcus_708,0.0160461089911266
Peptostreptococcaceae_712,0.00851882824170682
Streptococcus_717,0.0134691118685803
Streptococcus_719,0.00977567398248602
Streptococcus_723,0.0665614824331392
Streptococcus_724,0.0170899902809902
Streptococcus_729,0.0336422048978454
Streptococcus_732,0.00487403882627815
Streptococcus_733,0.00485934439352546
Streptococcus_734,0.0110196481651188
Streptococcus_738,0.035821378722836
Streptococcus_740,0.0816069677344983
Streptococcus_741,0.0302087676243966
Streptococcus_744,0.0963951346553511
Streptococcus_746,0.0867805061620129
Streptococcus_748,0.046190107815431
Blautia_754,0.063386887460234
Streptococcus_755,0.0370507422824496
Streptococcus_773,0.0198547891287395
Streptococcus_776,0.0362275341490605
Firmicutes_779,0.0187573932352659
Streptococcus_781,0.0122532672659804
Streptococcus_784,0.00241263185152928
Streptococcus_792,0.00728350050830063
Streptococcus_794,0.00974567224570967
Streptococcus_795,0.00241263185152928
Rothia_805,0.0121551159260763
Rothia_808,0.169914708914866
Rothia_813,0.0109737186191166
Rothia_817,0.0121533063626023
Actinobaculum_830,0.00859219215964556
Actinobaculum_832,0.00857027272480486
Bifidobacteriaceae_839,0.00606798039795853
Actinomyces_851,0.00364694657734588
Bifidobacterium_860,0.0605258206500949
Bifidobacterium_861,0.0048373807803973
Bifidobacterium_865,0.0171541108237352
Bifidobacteriaceae_866,0.0364058226141745
Bifidobacteriaceae_875,0.00485929816686457
Bifidobacterium_876,0.0137860983416377
Bifidobacteriaceae_879,0.0265253838433542
Bifidobacteriaceae_888,0.00121183298400641
Bifidobacteriaceae_889,0.133084771336913
Bifidobacteriaceae_891,0.0121519740480449
Actinomyces_896,0.00849534813420417
Actinomyces_897,0.0353776769826804
Actinomyces_901,0.0467350203392533
Actinomyces_902,0.0348940494769387
Actinomyces_903,0.0158002302164652
Actinomyces_904,0.0123061527585853
Actinomyces_905,0.0546093286912206
Actinomyces_906,0.00855493999975462
Actinomyces_910,0.0109575898509946
Actinomyces_914,0.0265987017370242
Actinomyces_917,0.0134460872257147
Actinomyces_918,0.0024260104812948
Actinomyces_925,0.0170497025378075
Actinomyces_931,0.0399199250352211
Actinomyces_932,0.0236153576785674
Actinomyces_933,0.0174379859949721
Actinomyces_961,0.137452615951535
Actinomyces_962,0.0159372043687649
Actinomyces_972,0.0109823142985619
Actinomyces_974,0.0757182613686176
Actinomyces_979,0.00853306129569636
Actinomyces_981,0.00853204111218175
Actinomyces_985,0.0109685799254882
Actinomyces_992,0.00852055147125449
Actinomyces_995,0.00972316375331215
Actinomyces_996,0.0401812733131519
Actinomyces_998,0.0121332166035438
Actinomyces_1000,0.0234289562155693
Actinomyces_1002,0.0812289198793438
Actinomyces_1004,0.0109507194386412
Actinomyces_1009,0.013599818037956
Actinomyces_1010,0.0196643123725095
Actinomyces_1013,0.293559900944844
Actinomyces_1014,0.0194997261870409
Actinomyces_1025,0.00605743337552037
Actinomyces_odontolyticus_1035,0.0367459932904782
Actinomyces_1048,0.0247432887875715
Nocardia_1059,0.0270043792630919
uncultured_1080,0.00487192333153144
Nocardiaceae_1081,0.00241553873268779
Mycobacterium_1089,0.00120631592576464
Mycobacterium_1090,0.0121064477896134
Mycobacterium_1093,0.00726987889470238
Corynebacterium_1104,0.0212436613667183
Corynebacterium_1107,0.0134508857011982
Corynebacterium_1110,0.00734180469692183
Corynebacterium_1111,0.0171353819630556
Corynebacterium_1125,0.0134397532745823
Corynebacterium_1129,0.00489473686843096
Rothia_1134,0.0134371847565336
Rothia_1135,0.0159143773428072
Rothia_1136,0.0122018361812673
Rothia_1144,0.0122116692796694
Rothia_1150,0.0133945803263895
Rothia_1152,0.0240908374571162
Rothia_1155,0.00847462297239276
Rothia_1158,0.0224555599166201
Rothia_1159,0.0876843674140953
Rothia_1161,0.0448436466652512
Rothia_1162,0.109698562083766
Rothia_1165,0.0224931552791173
Rothia_1167,0.0186805381119121
uncultured_1168,0.0235444684626052
uncultured_1169,0.0121299799717632
Lachnospiraceae_1196,0.0251092517617933
human_oral_bacterium_C73_1197,0.0393823271032136
Granulicatella_1204,0.0255412954294122
Enterococcus_1206,0.0146452437577968
Streptococcus_1211,0.0121389017990066
Gemella_1214,0.0222639821269643
Staphylococcus_1217,0.0226661666016075
Carnobacteriaceae_1220,0.0337704346272554
Mycoplasma_faucium_1223,0.00487392799215297
Mycoplasma_faucium_1226,0.00242410443454829
Mycoplasma_1229,0.039389633502528
Akkermansia_1238,0.00489895845253127
Moraxella_1249,0.00242680964290494
Moraxella_1250,0.00121183298400641
Moraxella_1258,0.00243034971824488
Moraxella_1259,0.0621545810286585
Pasteurellaceae_1262,0.0012077711217598
Moraxella_1264,0.00120964521745687
Moraxella_1271,0.00484705314544245
Moraxella_1280,0.00363886935194672
Moraxellaceae_1288,0.00120988909051751
Gammaproteobacteria_1293,0.00364299872811046
Enterobacteriaceae_1294,0.00120631592576464
Burkholderia_1301,0.00733470467219295
Ralstonia_1306,0.00486819078618128
Gammaproteobacteria_1313,0.00120631592576464
uncultured_beta_proteobacterium_1316,0.0161066154805435
Burkholderia_1318,0.00242327679799494
Burkholderia_1320,0.00242750373425584
Burkholderia_1322,0.0203559918527279
Burkholderia_1326,0.00242696994044452
uncultured_beta_proteobacterium_1329,0.00241263185152928
Pseudomonas_1334,0.00242576727085111
Ralstonia_1340,0.0624835294100652
Ralstonia_1342,0.023581515761463
Ralstonia_1343,0.0413208343897437
Cupriavidus_1357,0.00729132341358368
Comamonadaceae_1368,0.0235636300492412
Comamonadaceae_1371,0.0145961095226714
Comamonadaceae_1374,0.0657171780888658
Achromobacter_1384,0.00610679404449724
Achromobacter_1385,0.00487629594244165
Achromobacter_xylosoxidans_subsp_xylosoxidans_1399,0.0449502772145123
Achromobacter_xylosoxidans_subsp_xylosoxidans_1400,0.00740862710938389
Achromobacter_1401,0.00980330558924441
Lautropia_1410,0.0048622182736621
Hydrogenophilaceae_1411,0.00243392916244747
Lautropia_1415,0.00734255110226248
Betaproteobacteria_1417,0.00853336733945707
Betaproteobacteria_1421,0.00364604742325005
Lautropia_1423,0.0444133534115631
Burkholderia_1434,0.0453681638902626
Betaproteobacteria_1441,0.00488621536435542
Haemophilus_1444,0.00242327679799494
Burkholderia_1449,0.0012077711217598
Acinetobacter_1466,0.0172419356280353
Acinetobacter_1467,0.00974668932095518
Acinetobacter_1469,0.0109369404813465
Acinetobacter_1470,0.0121995326266736
Enhydrobacter_1472,0.012191451600985
Proteobacteria_1479,0.0024231370068815
Neisseriaceae_1482,0.0122029047396255
Alysiella_1484,0.0565977149049504
Neisseriaceae_1485,0.0189070687959169
Neisseria_1489,0.0124171444184024
Neisseria_1494,0.00241928526894675
Neisseria_1497,0.0122528280307854
Neisseria_1498,0.0214397512529978
Neisseria_1499,0.0364171837704946
Neisseria_1501,0.0215694986198741
Neisseria_1505,0.00608938008627489
Neisseria_1508,0.00363351688809894
Neisseria_1511,0.0413800211207146
Neisseria_1513,0.0318718882248897
Neisseria_1515,0.0146966676794608
Neisseria_1521,0.0364392672832336
Neisseria_1522,0.026483615025976
Neisseria_1523,0.131964318342011
Neisseria_1524,0.0396423671928733
Neisseria_1525,0.10408941522294
Neisseriaceae_1527,0.00982501704110294
Neisseria_1533,0.00860644266029997
Neisseria_1534,0.00242520889654119
Neisseriaceae_1535,0.0416601781008709
Neisseria_1536,0.0111094370066764
Neisseria_1538,0.0354362090561585
Neisseria_1543,0.0048310634728084
Neisseria_1544,0.0110401247715965
Neisseria_1548,0.00365598428920815
Neisseria_1549,0.00487882604951981
Neisseria_mucosa_ATCC_25996_1557,0.00365028029609093
k__Bacteria_1559,0.0123265813314479
k__Bacteria_1560,0.0237049846783107
Neisseria_1572,0.0109900382881302
Neisseria_1578,0.0189364748319752
Pasteurellaceae_1583,0.00730346194685257
Neisseria_1584,0.0212848808967896
Neisseriaceae_1587,0.00733638025556584
Neisseria_1593,0.00607675322694002
Neisseria_1600,0.00486811458249284
Serratia_1608,0.00364317814698617
Proteus_1626,0.00121267653795267
Proteus_1627,0.00121286657168727
Proteus_1629,0.00121370512105568
Enterobacteriaceae_1632,0.00243094475555898
Proteus_1634,0.00121233578049171
Cosenzaea_myxofaciens_1636,0.00121340772743935
uncultured_bacterium_1649,0.00610023149414219
Desulfobulbus_1659,0.00484913584737312
Cardiobacterium_1664,0.00863693821427823
Cardiobacterium_1667,0.024060722115475
Enterobacter_1677,0.00242430368685376
Serratia_1680,0.00363424522054142
Serratia_1683,0.00364396153288618
Serratia_1684,0.00612973097821909
Serratia_1687,0.00486996304199016
Serratia_1688,0.00242707383591094
Serratia_1689,0.00610392790351113
Escherichia_Shigella_1692,0.00242449031230215
Escherichia_Shigella_1696,0.00242723745372182
uncultured_bacterium_1701,0.00363863710915227
Gammaproteobacteria_1707,0.00242576727085111
Escherichia_Shigella_1716,0.00241796980334667
Morganella_1721,0.00489518634668047
Providencia_1731,0.00242055710108087
Enterobacteriaceae_1754,0.00121342817681134
Morganella_1755,0.00242768007624034
Gammaproteobacteria_1758,0.00364518681168613
Serratia_1761,0.00242590047234022
Serratia_1764,0.002429320127485
Serratia_marcescens_1765,0.00487804734552133
Serratia_marcescens_1767,0.00365331459620541
Serratia_1772,0.00732085334110033
Serratia_1773,0.00365214437477469
Serratia_1774,0.00365490929068994
Serratia_1777,0.00242866194218271
Serratia_1779,0.00736206647395453
Serratia_1780,0.00243580181864963
Serratia_1781,0.0024296933967398
Serratia_marcescens_1783,0.00736602101520523
Serratia_1785,0.00121177180119619
Serratia_marcescens_1786,0.00242410443454829
Serratia_1787,0.0036447341970238
Serratia_1788,0.0252419824579714
Serratia_1789,0.0097860537889363
Serratia_1790,0.0392387246687005
Serratia_1792,0.00243087515623968
Proteus_1796,0.00242999336664654
Enterobacteriaceae_1797,0.00242864964868477
Proteus_1802,0.033423281244254
Proteus_1803,0.00121539699850609
Proteus_1804,0.00242327679799494
Proteus_1805,0.00121264234032606
Serratia_1806,0.00243206743580162
Enterobacteriaceae_1812,0.00121418887912235
Pantoea_1816,0.00971127695128741
Enterobacteriaceae_1818,0.00242696994044452
Enterobacteriaceae_1819,0.00121164123448822
Pantoea_1822,0.00363548188575198
Enterobacteriaceae_1825,0.00606805608869389
Enterobacter_1832,0.00608802253459983
Enterobacteriaceae_1833,0.07662624388375
Enterobacter_1834,0.00243028688237944
Enterobacter_1835,0.00121286657168727
Enterobacter_1839,0.00120898729947275
Enterobacter_1841,0.00120964521745687
Enterobacter_1842,0.00121044400370296
Enterobacter_1843,0.00120631592576464
Enterobacter_1844,0.00244418808287493
Citrobacter_1853,0.0110844465942986
Citrobacter_1855,0.00729613921098087
Enterobacteriaceae_1857,0.00364907791710278
Enterobacter_1858,0.0170420204990189
Serratia_1861,0.00242988085216762
Serratia_1862,0.00242898738407276
Serratia_marcescens_1863,0.00489615960908563
Serratia_marcescens_1870,0.00242788185465459
Enterobacteriaceae_1875,0.00730114158882073
Serratia_marcescens_1876,0.00243141550280913
Serratia_1879,0.00365855306674061
Pasteurellaceae_1893,0.00723789555458784
Pasteurellaceae_1902,0.00484912717371359
Gammaproteobacteria_1906,0.0224137425955256
Haemophilus_1909,0.0357921862897463
Haemophilus_1919,0.0211542690447031
Haemophilus_1920,0.0160278059493536
Haemophilus_1923,0.0159432219833872
Haemophilus_1937,0.0339217688114565
Haemophilus_1940,0.00611658034210417
Haemophilus_1944,0.0315304947534454
Haemophilus_1949,0.00489523442567905
Haemophilus_influenzae_3655_1957,0.00978054804015592
Haemophilus_1958,0.00488617419800728
Haemophilus_1961,0.003655948275242
Haemophilus_1962,0.0262890250199798
Haemophilus_1963,0.0361026172749521
Haemophilus_1964,0.00607739272014039
Haemophilus_1971,0.012217077056237
Haemophilus_influenzae_3655_1972,0.00737010533219422
Haemophilus_1976,0.0196450261292705
Neisseriaceae_1978,0.00731343280067981
Haemophilus_1992,0.0146914116114613
Haemophilus_1999,0.0791517923591632
Pasteurellaceae_2001,0.0060910007191919
Haemophilus_2025,0.00857550102591784
Aggregatibacter_2027,0.0656744558876609
Haemophilus_2029,0.0186940961540104
Haemophilus_2030,0.0123779422661659
Haemophilus_2031,0.0097417149558431
Pasteurellaceae_2035,0.0213297636395168
Haemophilus_2039,0.0291879701567043
Haemophilus_2047,0.0666320227425444
Haemophilus_2048,0.0184797333692818
Haemophilus_2051,0.00609177022324273
Haemophilus_2054,0.00607791065436456
Haemophilus_2057,0.0123678701301137
Haemophilus_2059,0.00486261174519167
Haemophilus_2064,0.0147392904322354
Haemophilus_2067,0.0048891147584
Pasteurellaceae_2073,0.0073105116126767
Haemophilus_2076,0.017557564639967
Haemophilus_2077,0.0187298879147312
Aggregatibacter_2082,0.0236800118711094
Haemophilus_2090,0.0184474748580738
Haemophilus_2095,0.01360450644642
Haemophilus_2102,0.239798448720788
Haemophilus_2104,0.0188654285519205
Haemophilus_2105,0.0162468760929984
Haemophilus_2106,0.00491414213086029
Haemophilus_2107,0.029342727502081
Haemophilus_2112,0.0149789942637473
Haemophilus_2116,0.00486813306750024
Haemophilus_2118,0.0110676925155886
Haemophilus_2120,0.00978470403308559
Haemophilus_2121,0.0098081888012632
Haemophilus_2122,0.00855444600218166
Haemophilus_2124,0.00489232536874271
Haemophilus_2126,0.0123522136385574
Haemophilus_2129,0.00860421184489423
Haemophilus_2132,0.00486799205893539
Haemophilus_2133,0.00850988715892598
Haemophilus_2134,0.0298966065345316
Haemophilus_2153,0.00486634318286596
Haemophilus_2156,0.012280188129457
Haemophilus_2159,0.00609902682976917
Haemophilus_2178,0.00733872662519436
Haemophilus_2179,0.00364847174818855
Haemophilus_2180,0.00365769848321807
Gallibacterium_2181,0.003644660429777
Haemophilus_2182,0.0109628986983685
Haemophilus_2190,0.0158106950900644
Haemophilus_2204,0.0582395615549166
Haemophilus_2206,0.0121782614730725
Haemophilus_2207,0.00975607234544133
Haemophilus_2215,0.0109787314894719
Haemophilus_2216,0.0211174434547446
Haemophilus_2217,0.0186261461181913
Haemophilus_2218,0.0185913565752992
Haemophilus_2219,0.0288367363037267
Haemophilus_2220,0.0188897104241333
Haemophilus_2221,0.229345233098002
Haemophilus_2234,0.0967538093892142
Haemophilus_2235,0.0133898038282186
Haemophilus_2236,0.0145676339765089
Haemophilus_2237,0.0385014220145927
Haemophilus_2238,0.0225175962915316
Haemophilus_2242,0.0196367243243714
Haemophilus_2245,0.0222007348377447
Haemophilus_2246,0.0183909020787595
Haemophilus_2248,0.0134073210148943
Haemophilus_2274,0.0186984807126703
Gammaproteobacteria_2287,0.00120631592576464
Vibrionaceae_2312,0.00364791089793353
Serratia_2322,0.00121157133440917
Enterobacteriaceae_2323,0.00852470467655534
Enterobacteriaceae_2324,0.00732031488922067
Enterobacteriaceae_2326,0.00485581270289509
Serratia_2329,0.00730752900618872
Serratia_marcescens_2331,0.00363548188575198
Pseudomonas_2335,0.00365104131067146
Neisseria_2342,0.00120988909051751
Neisseria_2344,0.0348202354599823
Pseudomonas_2347,0.067334474208718
Pseudomonas_2359,0.038331693771477
Pseudomonas_2369,0.0303712424922074
Pseudomonas_2386,0.0678215902944469
Pseudomonas_2387,0.0134052697388462
Pseudomonas_2388,0.0206810856947224
Pseudomonas_2391,0.0173086891707508
Pseudomonas_2394,0.00850077473053518
Pseudomonas_2395,0.0245386680999548
Pseudomonas_2396,0.00608289756388899
Pseudomonas_2397,0.00730055614891633
Pseudomonas_2399,0.00733919595136931
Stenotrophomonas_2401,0.00615126956342225
Pseudomonas_2402,0.0123568768671656
Pseudomonas_2407,0.00865155723001819
Pseudomonas_2408,0.0145509439862867
Pseudomonas_2412,0.013467123135107
Pseudomonas_2426,0.0250376026409511
Pseudomonas_2427,0.00608949330122299
Pseudomonas_2430,0.00735278607145272
Pseudomonas_aeruginosa_2431,0.00242819697049601
Pseudomonas_2432,0.0122629783696812
Pseudomonas_2433,0.011005381076543
Pseudomonas_2439,0.00242650629935924
Pseudomonas_2441,0.03857343905692
Pseudomonas_2443,0.0428807850695115
Pseudomonas_2446,0.0195478257157949
Pseudomonas_2450,0.0286791750465777
Pseudomonas_aeruginosa_2455,0.0598282222718227
Pseudomonas_2457,0.0158045204813269
Pseudomonas_2462,0.0146627509249293
Pseudomonas_2467,0.00609850843207841
Pseudomonas_2468,0.0158628970108306
Pseudomonas_2475,0.158442776433669
Pseudomonas_2480,0.0121969850544389
Pseudomonas_2481,0.0442573939673199
Pseudomonas_2485,0.00852945319625268
Pseudomonas_aeruginosa_2486,0.00363811258121864
Pseudomonas_2493,0.0257945260196299
Pseudomonas_2497,0.0121563679999798
Pseudomonas_2499,0.045744799263496
Pseudomonas_2500,0.0395013976037046
Pseudomonas_2503,0.103993109903673
Pseudomonas_2510,0.00729341114196645
Pseudomonas_2511,0.00121210573372368
Pseudomonas_2515,0.0371100898562093
Pseudomonas_2523,0.126392993697581
Pseudomonas_2525,0.0206009458020619
Pseudomonas_2527,4.76496333035995
Pseudomonas_2528,0.0943114693097747
Pseudomonas_2529,0.093404197624875
Pseudomonas_aeruginosa_2534,0.134356906475728
Pseudomonas_aeruginosa_2535,0.0505961482834858
Pseudomonas_2536,0.031548682719002
Pseudomonas_2549,0.0242692319215567
Pseudomonas_2551,0.0305739608174432
Fusobacterium_2572,0.0159995322308295
Fusobacterium_2577,0.0146062254921799
Fusobacterium_2590,0.255840519343088
Fusobacterium_2591,0.00608989857831091
Fusobacterium_2593,0.0245828059115546
Fusobacterium_2596,0.00242566732370826
Fusobacterium_2602,0.0171863829740921
Fusobacterium_2604,0.0184383588515791
Pseudomonas_aeruginosa_2610,0.00974726468254685
Pseudomonas_2620,0.0223029372579158
Pseudomonas_2623,0.00485315054184227
Pseudomonas_2625,0.00727851765424824
Pseudomonas_2626,0.00486728205094844
Pseudomonas_2629,0.00242267275220942
Pseudomonas_2633,0.0313035583688873
Pseudomonas_2636,0.00120631592576464
Pseudomonas_2640,0.0247273203952616
Pseudomonas_2646,0.0218167104054656
Pseudomonas_2715,0.00850978321279661
Pseudomonas_2716,0.0249466862938628
Pseudomonas_2719,0.0302117979430131
Pseudomonas_2720,0.00865181257563456
Pseudomonas_aeruginosa_2729,0.0238223462609312
Pseudomonas_aeruginosa_2731,0.0122231954880908
Pseudomonas_aeruginosa_2732,0.0109575648979821
Pseudomonas_aeruginosa_2734,0.00489185000137057
Gammaproteobacteria_2735,0.0024262687927678
Pseudomonas_2748,0.00120631592576464
Pseudomonas_2779,0.00978928640123362
Pseudomonas_2785,0.00120631592576464
Pseudomonadaceae_2787,0.00243099231417615
Pseudomonadaceae_2788,0.00120631592576464
uncultured_2798,0.00853049557871062
Stenotrophomonas_2809,0.00242590047234022
Stenotrophomonas_2813,0.0137714926255812
Stenotrophomonas_2817,0.0213629427932062
Stenotrophomonas_2822,0.0879567796081266
Stenotrophomonas_2824,0.00242938787233909
Stenotrophomonas_2826,0.0110215112684413
Stenotrophomonas_2827,0.0124546341694267
Stenotrophomonas_2828,0.0510685771373047
Stenotrophomonas_2830,0.00364840653390497
Stenotrophomonas_2831,0.0048959164542169
Stenotrophomonas_2840,0.0110958387186243
Stenotrophomonas_2845,0.00242341025071196
Stenotrophomonas_2849,0.00978238955526269
Stenotrophomonas_2852,0.00739221904090621
Xanthomonadaceae_2858,0.0207966343910612
Thiotrichaceae_2863,0.00978224107807456
Phascolarctobacterium_2870,0.00242327679799494
Selenomonas_2872,0.00487180674600946
Selenomonas_2877,0.01337920357175
Selenomonas_2878,0.0122124407183893
Selenomonas_2880,0.00854385816614614
Selenomonas_sp_oral_clone_CS024_2882,0.00980381649353059
Selenomonas_sp_oral_clone_CS024_2883,0.0147754611588253
Veillonella_2884,0.00856536012949363
Selenomonas_2899,0.0751228560940954
Selenomonas_2906,0.0456991194981536
Selenomonas_2907,0.0186018251374523
Selenomonas_2911,0.00729757761474827
Selenomonas_2913,0.0173646045464262
Selenomonas_2920,0.0135287353903954
Selenomonas_2921,0.0758444040130793
Selenomonas_2931,0.00852019467113301
Selenomonas_2932,0.0135071467281307
Veillonellaceae_2933,0.00731238523127607
Selenomonas_2936,0.00851808535966085
Selenomonas_2940,0.0122122133979578
Selenomonas_2942,0.0802705793994812
Leptotrichia_2958,0.0174091695944067
Leptotrichia_2960,0.007327600366964
Leptotrichia_2962,0.0024294005675544
Leptotrichia_2967,0.0861186466862518
Leptotrichia_2970,0.00986179637550513
Leptotrichia_2972,0.0110039721837291
Leptotrichia_2980,0.00610640116607398
Leptotrichia_2981,0.0931076325383589
Leptotrichia_2984,0.0135198038328986
Leptotrichia_2985,0.00987895596782935
Leptotrichia_2986,0.065244340413211
Leptotrichia_2996,0.0111235709773739
Leptotrichia_2998,0.00610862823443132
Leptotrichia_3000,0.0205089636560587
Leptotrichia_3001,0.0148419735839369
Leptotrichia_3002,0.00867060917914993
Leptotrichiaceae_3003,0.00242483145565447
Leptotrichiaceae_3005,0.0124631141094539
Collinsella_3009,0.00612454403721742
Slackia_3012,0.0358488246935433
Olsenella_3017,0.0196081283905425
Coriobacteriaceae_3018,0.0224844918872214
Atopobium_3022,0.0158314233599993
Atopobium_3026,0.017144715973767
Atopobium_3032,0.0072806905169013
Atopobium_3037,0.160306273774398
Atopobium_3043,0.0197049280834042
Atopobium_3044,0.0199309901983364
Atopobium_3045,0.0146114288213196
Atopobium_3046,0.0309532487741721
Atopobium_3048,0.0196174122025936
Caulobacteraceae_3073,0.0110289938251018
mle1_27_3137,0.0159372350816518
vadinBB60_3150,0.00609563930771791
uncultured_bacterium_3151,0.0268710286611831
Ruminococcaceae_3160,0.0176506002667894
Ruminococcaceae_3165,0.00858867380013173
k__Bacteria_3173,0.0209446832228067
Solobacterium_3176,0.0801975252288685
k__Bacteria_3177,0.0172851081208946
Bulleidia_3180,0.00610414371847853
Treponema_3186,0.00734710521656974
Treponema_3187,0.00989762728956827
uncultured_Treponema_sp_3189,0.00365442130451224
Treponema_3193,0.00121286657168727
Treponema_3194,0.0202060484268576
Treponema_3197,0.00363840040601256
Treponema_3198,0.0123990801762069
Treponema_3202,0.0123440070648128
Chlamydophila_3212,0.012184241089713
Porphyromonas_3241,0.0123271900562356
S24_7_3246,0.00242742580785512
Porphyromonas_3248,0.0213358345412909
Porphyromonas_asaccharolytica_3249,0.00730499977944577
Pedobacter_3255,0.00121157133440917
RC9_gut_group_3261,0.0024262687927678
RC9_gut_group_3262,0.00121245833134662
Hydrotalea_3267,0.027065153493092
Sediminibacterium_3274,0.0134015735430662
Hydrotalea_3276,0.0337921886731228
Capnocytophaga_3280,0.101007574737667
Capnocytophaga_3287,0.00609915344202973
Bergeyella_3292,0.00609670242497337
Cloacibacterium_3294,0.00854179624657548
Porphyromonas_3297,0.0202126123934727
Bacteroides_3299,0.00121270996024547
Bacteroides_3300,0.00242970091921864
Bacteroides_3305,0.00243781229889812
Prevotella_3309,0.00972101947459798
Prevotella_3312,0.00611033041145646
Prevotella_3314,0.0162164551613918
Prevotella_3317,0.00486031023842687
Prevotella_3321,0.0257540173265748
Prevotella_3326,0.0965626465271354
Prevotella_3330,0.0184047453446619
Prevotella_3338,0.0123492710973541
Prevotella_3342,0.0109681082375936
Prevotella_3343,0.00852399025890184
Prevotella_3344,0.0435722668956748
Prevotella_3355,0.0504898918238487
Prevotella_3358,0.00607950696983434
Prevotella_3359,0.00607005941947559
Prevotella_3366,0.0631683031445103
Prevotella_3370,0.00859826639422841
Prevotella_3375,0.0136571041260728
Prevotella_3380,0.00243306684038834
Prevotella_3381,0.00121164123448822
Prevotella_3386,0.013580413221542
Prevotella_3388,0.0111552519762631
Prevotella_3392,0.00609853734995353
Prevotella_3393,0.0751417112540413
Prevotella_3401,0.0175124017311984
Prevotella_3403,0.00364422398843882
Prevotella_3412,0.105129698076412
Prevotella_3417,0.0197421295996454
Prevotella_3419,0.144048158157304
Prevotella_3425,0.0121714920414955
Prevotella_3426,0.0186940375230041
Prevotella_3427,0.0240203279983709
Prevotella_3428,0.00610019885726443
Prevotella_3430,0.0265399229414119
Prevotella_3435,0.013675886062293
Prevotella_3436,0.0356037081967908
Prevotella_3444,0.0109330332901859
Prevotella_3446,0.0160278223539506
Prevotella_buccae_3454,0.0135235400663699
Prevotella_3457,0.0172672179268662
Prevotella_3459,0.00729170545885778
Prevotella_3463,0.0162317067641584
Prevotella_3468,0.0672110129781148
Prevotella_nanceiensis_3472,0.00363886935194672
Prevotella_3479,0.0161392923235629
Prevotella_3484,0.0282147336946156
Prevotella_3496,0.0563465081754666
Prevotella_3500,0.00484995359278783
Prevotella_3502,0.0175510707891346
Prevotella_3506,0.00486082961065292
Prevotella_3559,0.00728243393684835
Prevotella_3572,0.0268697803055366
Prevotella_3578,0.027324015173129
Prevotellaceae_3595,0.00608355238392436
Prevotella_3603,0.017164580028917
Prevotella_3605,0.00605780020736941
Prevotella_3608,0.0123752401620076
Prevotella_3610,0.00977604739610193
Prevotella_3615,0.00731190002427493
Prevotella_3616,0.362462883264324
Prevotella_3617,0.04068258962091
Prevotella_3623,0.00970566363219794
Prevotella_3624,0.0036420821735458
Prevotella_3625,0.00978701577880108
Prevotellaceae_3627,0.0122910717066829
Prevotellaceae_3628,0.0185265397309956
Prevotella_3637,0.0848409787346955
Prevotella_3641,0.0183438412789488
Tannerella_3645,0.0447290486015287
Tannerella_3650,0.0200429604420934
Porphyromonas_sp_oral_clone_DP023_3656,0.00486522027440393
Porphyromonas_3666,0.0940900436020016
Porphyromonas_3673,0.0073163908798486
Paludibacter_3682,0.0518780854468695
Bergeyella_3694,0.0109808136901017
Bergeyella_3697,0.0110736231550678
Bergeyella_3699,0.0812960956651602
Capnocytophaga_3713,0.0968547117205971
Capnocytophaga_3720,0.0722109575735885
Capnocytophaga_3723,0.00607884368309436
Capnocytophaga_3725,0.0110872809786424
Capnocytophaga_3726,0.0522120244260831
Capnocytophaga_3729,0.00487407871083951
Capnocytophaga_3740,0.0177101714710396
uncultured_bacterium_3748,0.00728440066445351
uncultured_bacterium_3749,0.0182562434763381
Candidate_division_TM7_3755,0.00488846567122224
Candidate_division_TM7_3756,0.0202084591705533
uncultured_bacterium_3758,0.0123944068005687
uncultured_bacterium_3759,0.0111673431900646
uncultured_bacterium_3761,0.0073551395687192
Candidate_division_TM7_3762,0.00610835307870258
Desulfovibrio_3767,0.00242410443454829
Pseudomonas_3775,0.0122423162946806
Fusobacteriales_3776,0.0109571919537172
Filifactor_3787,0.00242890351709776
Anaerococcus_3789,0.00607707522126765
Anaerococcus_3791,0.0110538325672342
Anaerococcus_3793,0.00731948773697173
Peptoniphilus_3797,0.022803239269863
Peptoniphilus_3802,0.0109699582871538
Incertae_Sedis_3815,0.00989133036831058
Mogibacterium_3822,0.0237504826669682
Incertae_Sedis_3826,0.0255376877138163
Incertae_Sedis_3832,0.00977130237386539
Lachnospiraceae_3834,0.00121157133440917
Lachnospiraceae_3840,0.00732548577549737
Lachnospiraceae_3841,0.0211995676242861
Lachnoanaerobaculum_3849,0.00242366027408313
Lachnoanaerobaculum_3852,0.0085519378999349
human_oral_bacterium_C73_3859,0.00852648883602809
human_oral_bacterium_C73_3865,0.0172421013857144
Lachnoanaerobaculum_3867,0.027513416958578
Lachnoanaerobaculum_3868,0.123799230726619
Lachnoanaerobaculum_3871,0.0344018574080987
Lachnoanaerobaculum_3873,0.0134851478651291
Lachnospiraceae_oral_taxon_107_str_F0167_3880,0.0135037402467631
human_oral_bacterium_C73_3881,0.0135460593838153
Lachnospiraceae_oral_taxon_107_str_F0167_3882,0.0159689478661367
Lachnoanaerobaculum_3885,0.00486257577871818
Lachnoanaerobaculum_3905,0.0919776595574331
Lachnoanaerobaculum_3906,0.0182559593047647
Lachnoanaerobaculum_3907,0.0319276634105064
Eubacterium_sp_oral_clone_EI074_3917,0.00121215470695154
Johnsonella_3921,0.0200676575505163
Johnsonella_3922,0.00243131681098612
Johnsonella_3926,0.00243445596683483
Lachnospiraceae_3928,0.00242998906101849
Johnsonella_3930,0.0185990271012378
Butyrivibrio_3937,0.0099572658119232
Butyrivibrio_3939,0.00858505158974257
Butyrivibrio_3944,0.00121323305294688
Oribacterium_3946,0.013414410763046
Lachnospiraceae_3956,0.0134916561202025
Oribacterium_3967,0.0484178624067334
Oribacterium_3968,0.0109450637186092
Oribacterium_sp_ACB7_3971,0.00609570230446534
Lachnospiraceae_3972,0.0197884339189789
Lachnospiraceae_3976,0.0262319843943069
Oribacterium_sp_ACB7_3979,0.0172155386948472
Oribacterium_3989,0.0160898184612475
Oribacterium_3990,0.0146708514073778
Oribacterium_3992,0.099591540067734
Oribacterium_3995,0.0110762183364904
Oribacterium_3999,0.0398405422657851
Lachnospiraceae_4003,0.00121215470695154
Stomatobaculum_4006,0.0433141963929078
Stomatobaculum_4010,0.0122369335847347
Stomatobaculum_4012,0.00609557249119379
Stomatobaculum_4014,0.00607739272014039
Stomatobaculum_4020,0.06805116019101
Stomatobaculum_4022,0.002431566170251
Stomatobaculum_4029,0.0135312100659382
Stomatobaculum_4030,0.00732770037634509
Stomatobaculum_4039,0.00857794652638209
Ruminococcus_4043,0.00121157133440917
Ruminococcaceae_4048,0.00243087444953755
Lachnospiraceae_4056,0.0172009264238898
Faecalibacterium_4060,0.00121280590827311
Catonella_4063,0.0465773637362646
Anaerostipes_4073,0.00365455825659691
Peptococcus_4086,0.013642105367807
Veillonella_4105,0.0159349081535342
Veillonella_4106,0.0430303442635066
Veillonella_4108,0.0246546161047115
Veillonella_4109,0.0311079105926064
Veillonella_4110,0.0310762434866231
Veillonella_4112,0.0299874907818516
Veillonella_4118,0.0164488917588242
Lactobacillus_4119,0.00734681782783077
Veillonella_4127,0.00861430627038013
Veillonella_4132,0.0146224648975179
Dialister_4139,0.0409850568184914
Veillonellaceae_4143,0.0111248445144509
Dialister_4146,0.0200054459472093
Veillonellaceae_4164,0.0238983177512207
Anaeroglobus_4166,0.00610559663916701
Anaeroglobus_4171,0.0255643514675743
Megasphaera_4187,0.0811087664919687
Veillonella_4190,0.025395683126665
Veillonella_4193,0.00729922348651397
Veillonellaceae_4194,0.020938025568497
Selenomonas_4195,0.0719166389076288
Selenomonas_4197,0.03471724085397
Veillonellaceae_4198,0.0744899654452537
Veillonella_4201,0.0236843667818387
Veillonella_4204,0.0387070693343149
Veillonella_4206,0.0488546569563738
Veillonella_4207,0.0429443958006746
Veillonella_4208,0.0252762502677502
Selenomonas_4210,0.00729260005218412
Veillonella_4211,0.00974494968848964
Veillonella_4214,0.00243031302440828
Firmicutes_4219,0.00851440538968343
Veillonella_4229,0.00850644394738309
Veillonella_4231,0.00973685225191591
Veillonella_4246,0.0212411330442567
Veillonella_4247,0.0463337614379363
Veillonellaceae_4248,0.0184820316150223
Veillonellaceae_4250,0.0752088637625052
Veillonella_4251,0.0342084582256734
Firmicutes_4253,0.0300966691936037
Veillonellaceae_4255,0.0301698876576885
Veillonella_4258,0.0158765367364405
Veillonella_4262,0.047652660341673
Veillonella_4264,0.0159634856383899
Veillonella_4265,0.0211715440976749
Veillonella_4266,0.0252974883229953
Veillonella_4267,0.0239172553310656
Veillonella_4278,0.0133919998361244
Veillonellaceae_4282,0.0186500215108503
Selenomonas_4284,0.0172943262323025
Clostridiales_4286,0.0279251561422424
Clostridiales_4287,0.0234870050742374
Veillonella_4292,0.0158866900397664
Veillonella_4293,0.0223198267925488
Veillonella_4294,0.124610162837249
Veillonella_4295,0.0222507013268754
Veillonella_4296,0.0353731744975692
Veillonella_4298,0.00121224802392951
Veillonella_4299,0.0121435274286799
Veillonella_4301,0.013514104257287
Veillonella_4302,0.0198636689088862
Veillonella_4310,0.0272181523343409
Veillonella_4322,0.0292467050626309
Veillonella_4326,0.468817634948938
Veillonella_4329,0.0699547333635902
Veillonella_4333,0.0298960920099451
Veillonella_4334,0.00852122668575752
Veillonella_4335,0.10806912347826
Veillonella_4336,0.223270068626753
Veillonella_4337,0.0295619176803866
Veillonella_4338,0.0903932760807079
Finegoldia_4356,0.0174747275373105
Synergistaceae_4357,0.00487904019471705
Synergistaceae_4358,0.0110331099412099
Parvimonas_4362,0.0171808725773637
Clostridiales_4364,0.0098072737904498
Parvimonas_4367,0.00487212132498375
Parvimonas_4369,0.106650083248336
Parvimonas_4371,0.00242655159008827
Clostridiales_4373,0.012222996724979
Clostridiales_4376,0.00364479352996952
Parvimonas_4380,0.0233758711762338
Peptococcus_4391,0.00734966048041692
Pseudoramibacter_4395,0.0147947570952428
uncultured_bacterium_4413,0.0109408708940264
Campylobacter_4415,0.0445410750249523
Campylobacter_4418,0.0544185391968651
BD1_5_4421,0.00121245833134662
Thermus_4429,0.00857895685126294
Truepera_4430,0.00243060263278088
Aerococcaceae_4437,0.0532598804642215
Bacilli_4439,0.00973974201195253
Staphylococcus_4447,0.00854323963271668
Bacillales_4449,0.00975157657626209
Bacilli_4450,0.00364364549311998
Geobacillus_4453,0.0110157624982465
Gemella_4456,0.00608350459843132
Gemella_4457,0.0420095805178907
Gemella_4459,0.00854690294712796
Staphylococcus_4462,0.00732204825288558
Staphylococcus_4469,0.0355547424260126
Staphylococcus_4484,0.0295209525963833
Staphylococcus_4500,0.0109655014867265
Staphylococcus_4502,0.019728751261369
Staphylococcus_4503,0.0197084348281468
Staphylococcus_4504,0.0439689931901795
Staphylococcus_4505,0.0171053192960369
Staphylococcus_4510,0.0097615447928484
Staphylococcus_4512,0.0504850487155753
Staphylococcus_4517,0.0123364203727557
Staphylococcus_4519,0.0520746398454449
Bacillales_4523,0.00611315639433045
Bacillales_4524,0.0311784630956987
Staphylococcus_4525,0.00609168212254989
Staphylococcus_4538,0.0210297337457459
Staphylococcus_4541,0.328230195439291
Staphylococcus_4543,0.040964954346175
Staphylococcus_4545,0.00976688084550609
Staphylococcus_4546,0.0237693909872489
Staphylococcus_4548,0.0298271882994556
Staphylococcus_4550,0.0172912571510829
Staphylococcus_4553,0.0199345664351584
Staphylococcus_4586,0.0223068900520295
Staphylococcus_4597,0.0160920247643847
Staphylococcus_4603,0.0552742087598692
Staphylococcus_4604,0.0159967424281737
Staphylococcus_4605,0.0296436395711225
Staphylococcus_4606,0.0355961890298742
Granulicatella_4611,0.0257984712526853
Staphylococcus_4612,0.0356917186106021
Lactobacillales_4620,0.0636963027010984
Lactobacillales_4622,0.0944784813357269
Lactobacillales_4627,0.0184051132382128
Lactobacillales_4649,0.0147110070935176
Bacillales_4654,0.00609940884130543
Planomicrobium_4659,0.00972418132062593
Bacillales_4660,0.031560210401569
Bacillales_4665,0.0346936887083196
Granulicatella_4675,0.0402292466623195
Enterococcus_4678,0.0146612490577307
Enterococcus_4682,0.0880529123720137
Enterococcus_4683,0.014642540680434
Enterococcus_4686,0.00726924222575251
Enterococcus_4687,0.00120631592576464
Enterococcus_4689,0.0248705560925558
Bacillales_4691,0.00121044400370296
Granulicatella_4696,0.107995613347456
Lactobacillales_4701,0.0134337443510315
Granulicatella_4704,0.0281221406085446
Granulicatella_4707,0.0574438510283446
Granulicatella_4715,0.0371369299165448
Granulicatella_4716,0.0470620799959663
Granulicatella_4717,0.0259019335119473
Granulicatella_4720,0.0134879402430109
Carnobacteriaceae_4721,0.0293917154787004
Carnobacteriaceae_4731,0.0297539288612848
Granulicatella_4733,0.0134297120805197
Granulicatella_4737,0.0134030295499069
Staphylococcus_4738,0.029729857758654
Granulicatella_4740,0.024595206912122
Granulicatella_4741,0.0226065512026661
Granulicatella_4742,0.288829027363924
Gemella_4750,0.00851507370809568
Bacillales_4751,0.0237297787040507
Gemella_4760,0.0304577199738868
Gemella_4763,0.00730910294029435
Staphylococcus_4769,0.00980924243531775
Staphylococcus_4772,0.0133859402681284
Staphylococcus_4790,0.0304740454560452
Staphylococcus_4805,0.0248653795831487
Staphylococcus_4809,0.0134516997586596
Staphylococcus_4812,0.0432227348724583
Staphylococcus_4814,0.01216658010698
Staphylococcus_4816,0.0265983472130146
Staphylococcus_4817,0.0146407935880202
Staphylococcus_4828,0.0253425253178192
Staphylococcus_4841,0.00726566896270162
Bacillales_4864,0.0109898214127682
Lactobacillales_4868,0.0222314355130808
Lactobacillales_4869,0.0766142344305347
Bacillales_4880,0.0172816595056723
Bacillales_4885,0.008499175896059
Planomicrobium_4886,0.00856223274374187
Planomicrobium_4887,0.00973235034652164
Planomicrobium_4889,0.00981208824938937
Bacillales_4894,0.00242818284909676
Bacillales_4899,0.0299386788385817
Bacillales_4900,0.050617197818986
Bacillales_4901,0.0146753526469821
Bacillales_4903,0.060308324163842
Staphylococcus_4907,0.007293302584311
Staphylococcus_4916,0.0285791515311543
Staphylococcus_4920,0.0122424593408061
Staphylococcus_4922,0.0148048286490149
Staphylococcus_4926,0.0237671232511505
Staphylococcus_4928,0.0145967124208538
Staphylococcus_4929,0.0435235755486255
Staphylococcus_4934,0.0085503501755952
Staphylococcus_4956,0.0224636312677782
Staphylococcus_4959,0.0197243510059641
Staphylococcus_4962,0.0424287873361974
Staphylococcus_4963,0.0147815475267324
Staphylococcus_4975,0.018422087061281
Staphylococcus_4977,0.0109771701840787
Staphylococcus_4978,0.0632352555074515
Staphylococcus_4998,0.0324016169066421
Staphylococcus_4999,0.0225760161466862
Staphylococcus_5001,0.0185804540020251
