phylo_spec,kernel,rep,kernel_name,RESAMPLE_BATCH_INDEX,SIGMA_SQ,TEST_SIZE,N_SAMPLES,SAMPLE_READ_DISP
phylo,string,0,"gappy,5,3",5,0.1,0.2,200,3
nonphylo,string,0,"mismatch,6,5",5,0.1,0.2,200,3
phylo,string,1,"spectrum,15,NA",5,0.1,0.2,200,3
nonphylo,string,1,"mismatch,5,4",5,0.1,0.2,200,3
phylo,string,2,"gappy,4,1",5,0.1,0.2,200,3
nonphylo,string,2,"spectrum,22,NA",5,0.1,0.2,200,3
phylo,string,3,"gappy,3,2",5,0.1,0.2,200,3
nonphylo,string,3,"gappy,7,5",5,0.1,0.2,200,3
phylo,string,4,"spectrum,30,NA",5,0.1,0.2,200,3
nonphylo,string,4,"mismatch,4,2",5,0.1,0.2,200,3
