phylo_spec,kernel,rep,kernel_name,RESAMPLE_BATCH_INDEX,SIGMA_SQ,TEST_SIZE,N_SAMPLES,SAMPLE_READ_DISP
phylo,string,0,"gappy,7,5",0,0.1,0.2,200,30
nonphylo,string,0,"spectrum,30,NA",0,0.1,0.2,200,30
phylo,string,1,"spectrum,30,NA",0,0.1,0.2,200,30
nonphylo,string,1,"gappy,10,5",0,0.1,0.2,200,30
phylo,string,2,"spectrum,20,NA",0,0.1,0.2,200,30
nonphylo,string,2,"spectrum,28,NA",0,0.1,0.2,200,30
phylo,string,3,"spectrum,12,NA",0,0.1,0.2,200,30
nonphylo,string,3,"spectrum,30,NA",0,0.1,0.2,200,30
phylo,string,4,"spectrum,19,NA",0,0.1,0.2,200,30
nonphylo,string,4,"spectrum,30,NA",0,0.1,0.2,200,30
