phylo_spec,kernel,rep,kernel_name,RESAMPLE_BATCH_INDEX,SIGMA_SQ,TEST_SIZE,N_SAMPLES,SAMPLE_READ_DISP
phylo,string,0,"gappy,7,5",17,0.1,0.2,400,10
nonphylo,string,0,"spectrum,30,NA",17,0.1,0.2,400,10
phylo,string,1,"gappy,4,1",17,0.1,0.2,400,10
nonphylo,string,1,"mismatch,13,3",17,0.1,0.2,400,10
phylo,string,2,"gappy,4,3",17,0.1,0.2,400,10
nonphylo,string,2,"mismatch,8,3",17,0.1,0.2,400,10
phylo,string,3,"gappy,9,5",17,0.1,0.2,400,10
nonphylo,string,3,"mismatch,14,3",17,0.1,0.2,400,10
phylo,string,4,"spectrum,30,NA",17,0.1,0.2,400,10
nonphylo,string,4,"spectrum,30,NA",17,0.1,0.2,400,10
