phylo_spec,kernel,rep,kernel_name,RESAMPLE_BATCH_INDEX,SIGMA_SQ,TEST_SIZE,N_SAMPLES,SAMPLE_READ_DISP
phylo,string,0,"mismatch,14,2",15,0.1,0.2,200,30
nonphylo,string,0,"spectrum,30,NA",15,0.1,0.2,200,30
phylo,string,1,"gappy,10,5",15,0.1,0.2,200,30
nonphylo,string,1,"gappy,9,5",15,0.1,0.2,200,30
phylo,string,2,"mismatch,5,2",15,0.1,0.2,200,30
nonphylo,string,2,"mismatch,7,3",15,0.1,0.2,200,30
phylo,string,3,"spectrum,9,NA",15,0.1,0.2,200,30
nonphylo,string,3,"mismatch,8,4",15,0.1,0.2,200,30
phylo,string,4,"gappy,5,1",15,0.1,0.2,200,30
nonphylo,string,4,"mismatch,7,5",15,0.1,0.2,200,30
