phylo_spec,kernel,rep,kernel_name,RESAMPLE_BATCH_INDEX,SIGMA_SQ,TEST_SIZE,N_SAMPLES,SAMPLE_READ_DISP
phylo,string,0,"gappy,4,3",17,0.1,0.2,200,10
nonphylo,string,0,"mismatch,11,1",17,0.1,0.2,200,10
phylo,string,1,"spectrum,7,NA",17,0.1,0.2,200,10
nonphylo,string,1,"mismatch,7,4",17,0.1,0.2,200,10
phylo,string,2,"gappy,6,5",17,0.1,0.2,200,10
nonphylo,string,2,"spectrum,7,NA",17,0.1,0.2,200,10
phylo,string,3,"spectrum,13,NA",17,0.1,0.2,200,10
nonphylo,string,3,"spectrum,30,NA",17,0.1,0.2,200,10
phylo,string,4,"spectrum,30,NA",17,0.1,0.2,200,10
nonphylo,string,4,"gappy,10,3",17,0.1,0.2,200,10
