phylo_spec,kernel,rep,kernel_name,RESAMPLE_BATCH_INDEX,SIGMA_SQ,TEST_SIZE,N_SAMPLES,SAMPLE_READ_DISP
phylo,string,0,"gappy,5,4",15,0.1,0.2,200,10
nonphylo,string,0,"mismatch,6,5",15,0.1,0.2,200,10
phylo,string,1,"spectrum,10,NA",15,0.1,0.2,200,10
nonphylo,string,1,"mismatch,7,5",15,0.1,0.2,200,10
phylo,string,2,"spectrum,12,NA",15,0.1,0.2,200,10
nonphylo,string,2,"mismatch,3,2",15,0.1,0.2,200,10
phylo,string,3,"spectrum,30,NA",15,0.1,0.2,200,10
nonphylo,string,3,"spectrum,4,NA",15,0.1,0.2,200,10
phylo,string,4,"spectrum,23,NA",15,0.1,0.2,200,10
nonphylo,string,4,"mismatch,4,1",15,0.1,0.2,200,10
