phylo_spec,kernel,rep,kernel_name,RESAMPLE_BATCH_INDEX,SIGMA_SQ,TEST_SIZE,N_SAMPLES,SAMPLE_READ_DISP
phylo,string,0,"gappy,6,5",0,0.1,0.2,200,30
nonphylo,string,0,"spectrum,30,NA",0,0.1,0.2,200,30
phylo,string,1,"gappy,3,1",0,0.1,0.2,200,30
nonphylo,string,1,"spectrum,6,NA",0,0.1,0.2,200,30
phylo,string,2,"gappy,6,5",0,0.1,0.2,200,30
nonphylo,string,2,"gappy,7,1",0,0.1,0.2,200,30
phylo,string,3,"spectrum,10,NA",0,0.1,0.2,200,30
nonphylo,string,3,"spectrum,30,NA",0,0.1,0.2,200,30
phylo,string,4,"gappy,8,5",0,0.1,0.2,200,30
nonphylo,string,4,"mismatch,12,3",0,0.1,0.2,200,30
