phylo_spec,kernel,rep,kernel_name,RESAMPLE_BATCH_INDEX,SIGMA_SQ,TEST_SIZE,N_SAMPLES,SAMPLE_READ_DISP
phylo,string,0,"spectrum,8,NA",18,0.1,0.2,200,10
nonphylo,string,0,"spectrum,30,NA",18,0.1,0.2,200,10
phylo,string,1,"mismatch,15,1",18,0.1,0.2,200,10
nonphylo,string,1,"spectrum,30,NA",18,0.1,0.2,200,10
phylo,string,2,"gappy,7,5",18,0.1,0.2,200,10
nonphylo,string,2,"mismatch,4,1",18,0.1,0.2,200,10
phylo,string,3,"gappy,3,1",18,0.1,0.2,200,10
nonphylo,string,3,"spectrum,30,NA",18,0.1,0.2,200,10
phylo,string,4,"spectrum,11,NA",18,0.1,0.2,200,10
nonphylo,string,4,"spectrum,30,NA",18,0.1,0.2,200,10
