phylo_spec,kernel,rep,kernel_name,RESAMPLE_BATCH_INDEX,SIGMA_SQ,TEST_SIZE,N_SAMPLES,SAMPLE_READ_DISP
phylo,string,0,"spectrum,30,NA",8,0.1,0.2,200,10
nonphylo,string,0,"spectrum,30,NA",8,0.1,0.2,200,10
phylo,string,1,"mismatch,15,2",8,0.1,0.2,200,10
nonphylo,string,1,"spectrum,23,NA",8,0.1,0.2,200,10
phylo,string,2,"gappy,5,2",8,0.1,0.2,200,10
nonphylo,string,2,"spectrum,9,NA",8,0.1,0.2,200,10
phylo,string,3,"spectrum,10,NA",8,0.1,0.2,200,10
nonphylo,string,3,"spectrum,9,NA",8,0.1,0.2,200,10
phylo,string,4,"spectrum,29,NA",8,0.1,0.2,200,10
nonphylo,string,4,"spectrum,30,NA",8,0.1,0.2,200,10
