phylo_spec,kernel,rep,kernel_name,RESAMPLE_BATCH_INDEX,SIGMA_SQ,TEST_SIZE,N_SAMPLES,SAMPLE_READ_DISP
phylo,string,0,"gappy,8,5",0,0.1,0.2,200,3
nonphylo,string,0,"spectrum,30,NA",0,0.1,0.2,200,3
phylo,string,1,"mismatch,14,2",0,0.1,0.2,200,3
nonphylo,string,1,"spectrum,30,NA",0,0.1,0.2,200,3
phylo,string,2,"gappy,9,5",0,0.1,0.2,200,3
nonphylo,string,2,"mismatch,6,4",0,0.1,0.2,200,3
phylo,string,3,"gappy,8,5",0,0.1,0.2,200,3
nonphylo,string,3,"mismatch,4,1",0,0.1,0.2,200,3
phylo,string,4,"gappy,7,5",0,0.1,0.2,200,3
nonphylo,string,4,"spectrum,30,NA",0,0.1,0.2,200,3
