phylo_spec,kernel,rep,kernel_name,RESAMPLE_BATCH_INDEX,SIGMA_SQ,TEST_SIZE,N_SAMPLES,SAMPLE_READ_DISP
phylo,string,0,"mismatch,13,2",9,0.1,0.2,400,3
nonphylo,string,0,"spectrum,30,NA",9,0.1,0.2,400,3
phylo,string,1,"gappy,7,5",9,0.1,0.2,400,3
nonphylo,string,1,"spectrum,30,NA",9,0.1,0.2,400,3
phylo,string,2,"gappy,4,3",9,0.1,0.2,400,3
nonphylo,string,2,"spectrum,30,NA",9,0.1,0.2,400,3
phylo,string,3,"gappy,8,5",9,0.1,0.2,400,3
nonphylo,string,3,"spectrum,30,NA",9,0.1,0.2,400,3
phylo,string,4,"gappy,6,3",9,0.1,0.2,400,3
nonphylo,string,4,"spectrum,30,NA",9,0.1,0.2,400,3
