phylo_spec,kernel,rep,kernel_name,RESAMPLE_BATCH_INDEX,SIGMA_SQ,TEST_SIZE,N_SAMPLES,SAMPLE_READ_DISP
phylo,string,0,"spectrum,25,NA",10,0.1,0.2,200,3
nonphylo,string,0,"mismatch,4,1",10,0.1,0.2,200,3
phylo,string,1,"gappy,3,2",10,0.1,0.2,200,3
nonphylo,string,1,"mismatch,6,3",10,0.1,0.2,200,3
phylo,string,2,"spectrum,8,NA",10,0.1,0.2,200,3
nonphylo,string,2,"spectrum,6,NA",10,0.1,0.2,200,3
phylo,string,3,"spectrum,24,NA",10,0.1,0.2,200,3
nonphylo,string,3,"spectrum,30,NA",10,0.1,0.2,200,3
phylo,string,4,"spectrum,21,NA",10,0.1,0.2,200,3
nonphylo,string,4,"spectrum,30,NA",10,0.1,0.2,200,3
