phylo_spec,kernel,rep,kernel_name,RESAMPLE_BATCH_INDEX,SIGMA_SQ,TEST_SIZE,N_SAMPLES,SAMPLE_READ_DISP
phylo,string,0,"mismatch,10,2",9,0.1,0.2,200,3
nonphylo,string,0,"spectrum,11,NA",9,0.1,0.2,200,3
phylo,string,1,"spectrum,21,NA",9,0.1,0.2,200,3
nonphylo,string,1,"spectrum,30,NA",9,0.1,0.2,200,3
phylo,string,2,"mismatch,12,2",9,0.1,0.2,200,3
nonphylo,string,2,"spectrum,30,NA",9,0.1,0.2,200,3
phylo,string,3,"mismatch,14,1",9,0.1,0.2,200,3
nonphylo,string,3,"spectrum,14,NA",9,0.1,0.2,200,3
phylo,string,4,"gappy,5,4",9,0.1,0.2,200,3
nonphylo,string,4,"mismatch,15,2",9,0.1,0.2,200,3
