phylo_spec,kernel,rep,kernel_name,RESAMPLE_BATCH_INDEX,SIGMA_SQ,TEST_SIZE,N_SAMPLES,SAMPLE_READ_DISP
phylo,string,0,"mismatch,8,1",6,0.1,0.2,400,10
nonphylo,string,0,"spectrum,5,NA",6,0.1,0.2,400,10
phylo,string,1,"gappy,8,2",6,0.1,0.2,400,10
nonphylo,string,1,"spectrum,30,NA",6,0.1,0.2,400,10
phylo,string,2,"spectrum,29,NA",6,0.1,0.2,400,10
nonphylo,string,2,"spectrum,30,NA",6,0.1,0.2,400,10
phylo,string,3,"mismatch,8,1",6,0.1,0.2,400,10
nonphylo,string,3,"spectrum,7,NA",6,0.1,0.2,400,10
phylo,string,4,"gappy,7,5",6,0.1,0.2,400,10
nonphylo,string,4,"spectrum,30,NA",6,0.1,0.2,400,10
