phylo_spec,kernel,rep,kernel_name,RESAMPLE_BATCH_INDEX,SIGMA_SQ,TEST_SIZE,N_SAMPLES,SAMPLE_READ_DISP
phylo,string,0,"mismatch,12,3",11,0.1,0.2,400,3
nonphylo,string,0,"gappy,3,1",11,0.1,0.2,400,3
phylo,string,1,"gappy,4,3",11,0.1,0.2,400,3
nonphylo,string,1,"spectrum,30,NA",11,0.1,0.2,400,3
phylo,string,2,"spectrum,13,NA",11,0.1,0.2,400,3
nonphylo,string,2,"spectrum,27,NA",11,0.1,0.2,400,3
phylo,string,3,"gappy,4,3",11,0.1,0.2,400,3
nonphylo,string,3,"spectrum,7,NA",11,0.1,0.2,400,3
phylo,string,4,"gappy,3,2",11,0.1,0.2,400,3
nonphylo,string,4,"spectrum,30,NA",11,0.1,0.2,400,3
