phylo_spec,kernel,rep,kernel_name,RESAMPLE_BATCH_INDEX,SIGMA_SQ,TEST_SIZE,N_SAMPLES,SAMPLE_READ_DISP
phylo,string,0,"gappy,8,5",2,0.1,0.2,200,30
nonphylo,string,0,"mismatch,4,3",2,0.1,0.2,200,30
phylo,string,1,"spectrum,24,NA",2,0.1,0.2,200,30
nonphylo,string,1,"spectrum,30,NA",2,0.1,0.2,200,30
phylo,string,2,"spectrum,10,NA",2,0.1,0.2,200,30
nonphylo,string,2,"spectrum,7,NA",2,0.1,0.2,200,30
phylo,string,3,"spectrum,11,NA",2,0.1,0.2,200,30
nonphylo,string,3,"spectrum,18,NA",2,0.1,0.2,200,30
phylo,string,4,"spectrum,17,NA",2,0.1,0.2,200,30
nonphylo,string,4,"mismatch,5,4",2,0.1,0.2,200,30
