phylo_spec,kernel,rep,kernel_name,RESAMPLE_BATCH_INDEX,SIGMA_SQ,TEST_SIZE,N_SAMPLES,SAMPLE_READ_DISP
phylo,string,0,"gappy,8,5",2,0.1,0.2,200,30
nonphylo,string,0,"spectrum,30,NA",2,0.1,0.2,200,30
phylo,string,1,"mismatch,12,3",2,0.1,0.2,200,30
nonphylo,string,1,"spectrum,26,NA",2,0.1,0.2,200,30
phylo,string,2,"gappy,4,3",2,0.1,0.2,200,30
nonphylo,string,2,"spectrum,9,NA",2,0.1,0.2,200,30
phylo,string,3,"gappy,7,5",2,0.1,0.2,200,30
nonphylo,string,3,"mismatch,7,3",2,0.1,0.2,200,30
phylo,string,4,"gappy,7,5",2,0.1,0.2,200,30
nonphylo,string,4,"mismatch,12,3",2,0.1,0.2,200,30
