phylo_spec,kernel,rep,kernel_name,RESAMPLE_BATCH_INDEX,SIGMA_SQ,TEST_SIZE,N_SAMPLES,SAMPLE_READ_DISP
phylo,string,0,"gappy,6,5",4,0.1,0.2,200,30
nonphylo,string,0,"spectrum,30,NA",4,0.1,0.2,200,30
phylo,string,1,"gappy,4,3",4,0.1,0.2,200,30
nonphylo,string,1,"spectrum,30,NA",4,0.1,0.2,200,30
phylo,string,2,"spectrum,3,NA",4,0.1,0.2,200,30
nonphylo,string,2,"spectrum,30,NA",4,0.1,0.2,200,30
phylo,string,3,"spectrum,27,NA",4,0.1,0.2,200,30
nonphylo,string,3,"mismatch,10,1",4,0.1,0.2,200,30
phylo,string,4,"gappy,3,2",4,0.1,0.2,200,30
nonphylo,string,4,"mismatch,5,4",4,0.1,0.2,200,30
