phylo_spec,kernel,rep,kernel_name,RESAMPLE_BATCH_INDEX,SIGMA_SQ,TEST_SIZE,N_SAMPLES,SAMPLE_READ_DISP
phylo,string,0,"gappy,5,1",4,0.1,0.2,200,10
nonphylo,string,0,"spectrum,30,NA",4,0.1,0.2,200,10
phylo,string,1,"gappy,5,3",4,0.1,0.2,200,10
nonphylo,string,1,"spectrum,30,NA",4,0.1,0.2,200,10
phylo,string,2,"gappy,6,5",4,0.1,0.2,200,10
nonphylo,string,2,"mismatch,8,3",4,0.1,0.2,200,10
phylo,string,3,"spectrum,5,NA",4,0.1,0.2,200,10
nonphylo,string,3,"spectrum,30,NA",4,0.1,0.2,200,10
phylo,string,4,"spectrum,7,NA",4,0.1,0.2,200,10
nonphylo,string,4,"spectrum,30,NA",4,0.1,0.2,200,10
