phylo_spec,kernel,rep,kernel_name,RESAMPLE_BATCH_INDEX,SIGMA_SQ,TEST_SIZE,N_SAMPLES,SAMPLE_READ_DISP
phylo,string,0,"gappy,4,3",18,0.1,0.2,200,3
nonphylo,string,0,"gappy,8,2",18,0.1,0.2,200,3
phylo,string,1,"spectrum,8,NA",18,0.1,0.2,200,3
nonphylo,string,1,"mismatch,6,5",18,0.1,0.2,200,3
phylo,string,2,"spectrum,22,NA",18,0.1,0.2,200,3
nonphylo,string,2,"mismatch,7,4",18,0.1,0.2,200,3
phylo,string,3,"gappy,5,4",18,0.1,0.2,200,3
nonphylo,string,3,"spectrum,27,NA",18,0.1,0.2,200,3
phylo,string,4,"spectrum,30,NA",18,0.1,0.2,200,3
nonphylo,string,4,"mismatch,4,3",18,0.1,0.2,200,3
