phylo_spec,kernel,rep,kernel_name,RESAMPLE_BATCH_INDEX,SIGMA_SQ,TEST_SIZE,N_SAMPLES,SAMPLE_READ_DISP
phylo,string,0,"spectrum,7,NA",10,0.1,0.2,200,30
nonphylo,string,0,"spectrum,30,NA",10,0.1,0.2,200,30
phylo,string,1,"spectrum,4,NA",10,0.1,0.2,200,30
nonphylo,string,1,"spectrum,19,NA",10,0.1,0.2,200,30
phylo,string,2,"spectrum,6,NA",10,0.1,0.2,200,30
nonphylo,string,2,"spectrum,15,NA",10,0.1,0.2,200,30
phylo,string,3,"gappy,6,1",10,0.1,0.2,200,30
nonphylo,string,3,"spectrum,29,NA",10,0.1,0.2,200,30
phylo,string,4,"gappy,6,4",10,0.1,0.2,200,30
nonphylo,string,4,"spectrum,5,NA",10,0.1,0.2,200,30
