phylo_spec,kernel,rep,kernel_name,RESAMPLE_BATCH_INDEX,SIGMA_SQ,TEST_SIZE,N_SAMPLES,SAMPLE_READ_DISP
phylo,string,0,"gappy,5,2",8,0.1,0.2,400,30
nonphylo,string,0,"spectrum,30,NA",8,0.1,0.2,400,30
phylo,string,1,"spectrum,27,NA",8,0.1,0.2,400,30
nonphylo,string,1,"spectrum,30,NA",8,0.1,0.2,400,30
phylo,string,2,"spectrum,13,NA",8,0.1,0.2,400,30
nonphylo,string,2,"mismatch,5,1",8,0.1,0.2,400,30
phylo,string,3,"gappy,9,5",8,0.1,0.2,400,30
nonphylo,string,3,"spectrum,30,NA",8,0.1,0.2,400,30
phylo,string,4,"gappy,4,1",8,0.1,0.2,400,30
nonphylo,string,4,"spectrum,30,NA",8,0.1,0.2,400,30
