phylo_spec,kernel,rep,kernel_name,RESAMPLE_BATCH_INDEX,SIGMA_SQ,TEST_SIZE,N_SAMPLES,SAMPLE_READ_DISP
phylo,string,0,"mismatch,11,2",13,0.1,0.2,200,30
nonphylo,string,0,"gappy,7,2",13,0.1,0.2,200,30
phylo,string,1,"gappy,3,1",13,0.1,0.2,200,30
nonphylo,string,1,"spectrum,30,NA",13,0.1,0.2,200,30
phylo,string,2,"mismatch,13,2",13,0.1,0.2,200,30
nonphylo,string,2,"spectrum,30,NA",13,0.1,0.2,200,30
phylo,string,3,"gappy,3,1",13,0.1,0.2,200,30
nonphylo,string,3,"spectrum,17,NA",13,0.1,0.2,200,30
phylo,string,4,"spectrum,25,NA",13,0.1,0.2,200,30
nonphylo,string,4,"spectrum,30,NA",13,0.1,0.2,200,30
