phylo_spec,kernel,rep,kernel_name,RESAMPLE_BATCH_INDEX,SIGMA_SQ,TEST_SIZE,N_SAMPLES,SAMPLE_READ_DISP
phylo,string,0,"mismatch,3,1",4,0.1,0.2,200,10
nonphylo,string,0,"spectrum,30,NA",4,0.1,0.2,200,10
phylo,string,1,"spectrum,11,NA",4,0.1,0.2,200,10
nonphylo,string,1,"spectrum,30,NA",4,0.1,0.2,200,10
phylo,string,2,"gappy,4,3",4,0.1,0.2,200,10
nonphylo,string,2,"mismatch,5,2",4,0.1,0.2,200,10
phylo,string,3,"spectrum,26,NA",4,0.1,0.2,200,10
nonphylo,string,3,"mismatch,6,5",4,0.1,0.2,200,10
phylo,string,4,"spectrum,4,NA",4,0.1,0.2,200,10
nonphylo,string,4,"spectrum,30,NA",4,0.1,0.2,200,10
