phylo_spec,kernel,rep,kernel_name,RESAMPLE_BATCH_INDEX,SIGMA_SQ,TEST_SIZE,N_SAMPLES,SAMPLE_READ_DISP
phylo,string,0,"spectrum,30,NA",15,0.1,0.2,400,10
nonphylo,string,0,"spectrum,30,NA",15,0.1,0.2,400,10
phylo,string,1,"spectrum,30,NA",15,0.1,0.2,400,10
nonphylo,string,1,"spectrum,30,NA",15,0.1,0.2,400,10
phylo,string,2,"mismatch,11,3",15,0.1,0.2,400,10
nonphylo,string,2,"spectrum,30,NA",15,0.1,0.2,400,10
phylo,string,3,"mismatch,14,3",15,0.1,0.2,400,10
nonphylo,string,3,"spectrum,30,NA",15,0.1,0.2,400,10
phylo,string,4,"gappy,4,3",15,0.1,0.2,400,10
nonphylo,string,4,"spectrum,30,NA",15,0.1,0.2,400,10
