phylo_spec,kernel,rep,kernel_name,RESAMPLE_BATCH_INDEX,SIGMA_SQ,TEST_SIZE,N_SAMPLES,SAMPLE_READ_DISP
phylo,string,0,"gappy,8,4",8,0.1,0.2,200,30
nonphylo,string,0,"spectrum,30,NA",8,0.1,0.2,200,30
phylo,string,1,"spectrum,13,NA",8,0.1,0.2,200,30
nonphylo,string,1,"gappy,10,5",8,0.1,0.2,200,30
phylo,string,2,"spectrum,30,NA",8,0.1,0.2,200,30
nonphylo,string,2,"spectrum,10,NA",8,0.1,0.2,200,30
phylo,string,3,"spectrum,19,NA",8,0.1,0.2,200,30
nonphylo,string,3,"gappy,3,1",8,0.1,0.2,200,30
phylo,string,4,"spectrum,28,NA",8,0.1,0.2,200,30
nonphylo,string,4,"spectrum,30,NA",8,0.1,0.2,200,30
