phylo_spec,kernel,rep,kernel_name,RESAMPLE_BATCH_INDEX,SIGMA_SQ,TEST_SIZE,N_SAMPLES,SAMPLE_READ_DISP
phylo,string,0,"gappy,8,5",13,0.1,0.2,400,30
nonphylo,string,0,"spectrum,30,NA",13,0.1,0.2,400,30
phylo,string,1,"gappy,4,3",13,0.1,0.2,400,30
nonphylo,string,1,"mismatch,14,3",13,0.1,0.2,400,30
phylo,string,2,"spectrum,11,NA",13,0.1,0.2,400,30
nonphylo,string,2,"spectrum,30,NA",13,0.1,0.2,400,30
phylo,string,3,"gappy,9,5",13,0.1,0.2,400,30
nonphylo,string,3,"spectrum,30,NA",13,0.1,0.2,400,30
phylo,string,4,"gappy,6,5",13,0.1,0.2,400,30
nonphylo,string,4,"spectrum,30,NA",13,0.1,0.2,400,30
