phylo_spec,kernel,rep,kernel_name,RESAMPLE_BATCH_INDEX,SIGMA_SQ,TEST_SIZE,N_SAMPLES,SAMPLE_READ_DISP
phylo,string,0,"mismatch,5,3",11,0.1,0.2,200,30
nonphylo,string,0,"spectrum,30,NA",11,0.1,0.2,200,30
phylo,string,1,"mismatch,10,3",11,0.1,0.2,200,30
nonphylo,string,1,"spectrum,23,NA",11,0.1,0.2,200,30
phylo,string,2,"gappy,6,2",11,0.1,0.2,200,30
nonphylo,string,2,"gappy,5,3",11,0.1,0.2,200,30
phylo,string,3,"gappy,7,1",11,0.1,0.2,200,30
nonphylo,string,3,"spectrum,30,NA",11,0.1,0.2,200,30
phylo,string,4,"spectrum,16,NA",11,0.1,0.2,200,30
nonphylo,string,4,"spectrum,3,NA",11,0.1,0.2,200,30
