phylo_spec,kernel,rep,kernel_name,RESAMPLE_BATCH_INDEX,SIGMA_SQ,TEST_SIZE,N_SAMPLES,SAMPLE_READ_DISP
phylo,string,0,"mismatch,12,3",10,0.1,0.2,200,10
nonphylo,string,0,"spectrum,30,NA",10,0.1,0.2,200,10
phylo,string,1,"mismatch,12,3",10,0.1,0.2,200,10
nonphylo,string,1,"spectrum,5,NA",10,0.1,0.2,200,10
phylo,string,2,"spectrum,30,NA",10,0.1,0.2,200,10
nonphylo,string,2,"spectrum,29,NA",10,0.1,0.2,200,10
phylo,string,3,"mismatch,14,3",10,0.1,0.2,200,10
nonphylo,string,3,"spectrum,30,NA",10,0.1,0.2,200,10
phylo,string,4,"spectrum,30,NA",10,0.1,0.2,200,10
nonphylo,string,4,"spectrum,30,NA",10,0.1,0.2,200,10
