phylo_spec,kernel,rep,kernel_name,RESAMPLE_BATCH_INDEX,SIGMA_SQ,TEST_SIZE,N_SAMPLES,SAMPLE_READ_DISP
phylo,string,0,"gappy,8,5",8,0.1,0.2,400,3
nonphylo,string,0,"mismatch,6,5",8,0.1,0.2,400,3
phylo,string,1,"gappy,4,1",8,0.1,0.2,400,3
nonphylo,string,1,"mismatch,6,2",8,0.1,0.2,400,3
phylo,string,2,"gappy,6,5",8,0.1,0.2,400,3
nonphylo,string,2,"spectrum,3,NA",8,0.1,0.2,400,3
phylo,string,3,"spectrum,5,NA",8,0.1,0.2,400,3
nonphylo,string,3,"spectrum,30,NA",8,0.1,0.2,400,3
phylo,string,4,"mismatch,13,3",8,0.1,0.2,400,3
nonphylo,string,4,"mismatch,9,3",8,0.1,0.2,400,3
