phylo_spec,kernel,rep,kernel_name,RESAMPLE_BATCH_INDEX,SIGMA_SQ,TEST_SIZE,N_SAMPLES,SAMPLE_READ_DISP
phylo,string,0,"gappy,8,5",3,0.1,0.2,400,30
nonphylo,string,0,"mismatch,4,1",3,0.1,0.2,400,30
phylo,string,1,"spectrum,8,NA",3,0.1,0.2,400,30
nonphylo,string,1,"spectrum,30,NA",3,0.1,0.2,400,30
phylo,string,2,"gappy,5,1",3,0.1,0.2,400,30
nonphylo,string,2,"spectrum,27,NA",3,0.1,0.2,400,30
phylo,string,3,"spectrum,6,NA",3,0.1,0.2,400,30
nonphylo,string,3,"spectrum,30,NA",3,0.1,0.2,400,30
phylo,string,4,"mismatch,13,3",3,0.1,0.2,400,30
nonphylo,string,4,"mismatch,6,5",3,0.1,0.2,400,30
