phylo_spec,kernel,rep,kernel_name,RESAMPLE_BATCH_INDEX,SIGMA_SQ,TEST_SIZE,N_SAMPLES,SAMPLE_READ_DISP
phylo,string,0,"gappy,4,3",1,0.1,0.2,200,10
nonphylo,string,0,"mismatch,8,2",1,0.1,0.2,200,10
phylo,string,1,"mismatch,7,4",1,0.1,0.2,200,10
nonphylo,string,1,"spectrum,30,NA",1,0.1,0.2,200,10
phylo,string,2,"gappy,6,1",1,0.1,0.2,200,10
nonphylo,string,2,"spectrum,30,NA",1,0.1,0.2,200,10
phylo,string,3,"spectrum,30,NA",1,0.1,0.2,200,10
nonphylo,string,3,"spectrum,30,NA",1,0.1,0.2,200,10
phylo,string,4,"spectrum,25,NA",1,0.1,0.2,200,10
nonphylo,string,4,"gappy,2,1",1,0.1,0.2,200,10
