phylo_spec,kernel,rep,kernel_name,RESAMPLE_BATCH_INDEX,SIGMA_SQ,TEST_SIZE,N_SAMPLES,SAMPLE_READ_DISP
phylo,string,0,"gappy,7,5",19,0.1,0.2,400,30
nonphylo,string,0,"spectrum,30,NA",19,0.1,0.2,400,30
phylo,string,1,"gappy,6,5",19,0.1,0.2,400,30
nonphylo,string,1,"spectrum,30,NA",19,0.1,0.2,400,30
phylo,string,2,"spectrum,30,NA",19,0.1,0.2,400,30
nonphylo,string,2,"spectrum,30,NA",19,0.1,0.2,400,30
phylo,string,3,"mismatch,8,2",19,0.1,0.2,400,30
nonphylo,string,3,"spectrum,30,NA",19,0.1,0.2,400,30
phylo,string,4,"gappy,5,4",19,0.1,0.2,400,30
nonphylo,string,4,"gappy,8,5",19,0.1,0.2,400,30
