phylo_spec,kernel,rep,kernel_name,RESAMPLE_BATCH_INDEX,SIGMA_SQ,TEST_SIZE,N_SAMPLES,SAMPLE_READ_DISP
phylo,string,0,"gappy,7,4",3,0.1,0.2,200,10
nonphylo,string,0,"gappy,8,2",3,0.1,0.2,200,10
phylo,string,1,"spectrum,28,NA",3,0.1,0.2,200,10
nonphylo,string,1,"spectrum,30,NA",3,0.1,0.2,200,10
phylo,string,2,"gappy,8,5",3,0.1,0.2,200,10
nonphylo,string,2,"spectrum,25,NA",3,0.1,0.2,200,10
phylo,string,3,"spectrum,5,NA",3,0.1,0.2,200,10
nonphylo,string,3,"mismatch,14,3",3,0.1,0.2,200,10
phylo,string,4,"gappy,7,2",3,0.1,0.2,200,10
nonphylo,string,4,"gappy,6,2",3,0.1,0.2,200,10
