phylo_spec,kernel,rep,kernel_name,RESAMPLE_BATCH_INDEX,SIGMA_SQ,TEST_SIZE,N_SAMPLES,SAMPLE_READ_DISP
phylo,string,0,"spectrum,20,NA",5,0.1,0.2,400,3
nonphylo,string,0,"spectrum,30,NA",5,0.1,0.2,400,3
phylo,string,1,"gappy,4,2",5,0.1,0.2,400,3
nonphylo,string,1,"spectrum,30,NA",5,0.1,0.2,400,3
phylo,string,2,"gappy,3,2",5,0.1,0.2,400,3
nonphylo,string,2,"spectrum,30,NA",5,0.1,0.2,400,3
phylo,string,3,"spectrum,9,NA",5,0.1,0.2,400,3
nonphylo,string,3,"spectrum,30,NA",5,0.1,0.2,400,3
phylo,string,4,"gappy,5,4",5,0.1,0.2,400,3
nonphylo,string,4,"spectrum,2,NA",5,0.1,0.2,400,3
