phylo_spec,kernel,rep,kernel_name,RESAMPLE_BATCH_INDEX,SIGMA_SQ,TEST_SIZE,N_SAMPLES,SAMPLE_READ_DISP
phylo,string,0,"mismatch,12,2",5,0.1,0.2,200,10
nonphylo,string,0,"spectrum,30,NA",5,0.1,0.2,200,10
phylo,string,1,"gappy,8,3",5,0.1,0.2,200,10
nonphylo,string,1,"spectrum,30,NA",5,0.1,0.2,200,10
phylo,string,2,"spectrum,30,NA",5,0.1,0.2,200,10
nonphylo,string,2,"spectrum,30,NA",5,0.1,0.2,200,10
phylo,string,3,"mismatch,5,2",5,0.1,0.2,200,10
nonphylo,string,3,"mismatch,4,1",5,0.1,0.2,200,10
phylo,string,4,"gappy,6,5",5,0.1,0.2,200,10
nonphylo,string,4,"spectrum,30,NA",5,0.1,0.2,200,10
