phylo_spec,kernel,rep,kernel_name,RESAMPLE_BATCH_INDEX,SIGMA_SQ,TEST_SIZE,N_SAMPLES,SAMPLE_READ_DISP
phylo,string,0,"spectrum,10,NA",19,0.1,0.2,200,30
nonphylo,string,0,"spectrum,30,NA",19,0.1,0.2,200,30
phylo,string,1,"spectrum,5,NA",19,0.1,0.2,200,30
nonphylo,string,1,"spectrum,24,NA",19,0.1,0.2,200,30
phylo,string,2,"gappy,3,1",19,0.1,0.2,200,30
nonphylo,string,2,"spectrum,30,NA",19,0.1,0.2,200,30
phylo,string,3,"gappy,5,2",19,0.1,0.2,200,30
nonphylo,string,3,"mismatch,7,3",19,0.1,0.2,200,30
phylo,string,4,"spectrum,8,NA",19,0.1,0.2,200,30
nonphylo,string,4,"spectrum,14,NA",19,0.1,0.2,200,30
