phylo_spec,kernel,rep,kernel_name,RESAMPLE_BATCH_INDEX,SIGMA_SQ,TEST_SIZE,N_SAMPLES,SAMPLE_READ_DISP
phylo,string,0,"spectrum,8,NA",15,0.1,0.2,200,10
nonphylo,string,0,"gappy,7,5",15,0.1,0.2,200,10
phylo,string,1,"gappy,7,5",15,0.1,0.2,200,10
nonphylo,string,1,"mismatch,6,5",15,0.1,0.2,200,10
phylo,string,2,"gappy,9,5",15,0.1,0.2,200,10
nonphylo,string,2,"spectrum,30,NA",15,0.1,0.2,200,10
phylo,string,3,"gappy,5,4",15,0.1,0.2,200,10
nonphylo,string,3,"spectrum,15,NA",15,0.1,0.2,200,10
phylo,string,4,"spectrum,8,NA",15,0.1,0.2,200,10
nonphylo,string,4,"mismatch,13,3",15,0.1,0.2,200,10
