phylo_spec,kernel,rep,kernel_name,RESAMPLE_BATCH_INDEX,SIGMA_SQ,TEST_SIZE,N_SAMPLES,SAMPLE_READ_DISP
phylo,string,0,"spectrum,19,NA",12,0.1,0.2,200,10
nonphylo,string,0,"spectrum,30,NA",12,0.1,0.2,200,10
phylo,string,1,"gappy,3,2",12,0.1,0.2,200,10
nonphylo,string,1,"spectrum,18,NA",12,0.1,0.2,200,10
phylo,string,2,"spectrum,11,NA",12,0.1,0.2,200,10
nonphylo,string,2,"spectrum,30,NA",12,0.1,0.2,200,10
phylo,string,3,"gappy,3,2",12,0.1,0.2,200,10
nonphylo,string,3,"mismatch,5,2",12,0.1,0.2,200,10
phylo,string,4,"mismatch,14,3",12,0.1,0.2,200,10
nonphylo,string,4,"spectrum,19,NA",12,0.1,0.2,200,10
