phylo_spec,kernel,rep,kernel_name,RESAMPLE_BATCH_INDEX,SIGMA_SQ,TEST_SIZE,N_SAMPLES,SAMPLE_READ_DISP
phylo,string,0,"spectrum,6,NA",9,0.1,0.2,200,3
nonphylo,string,0,"spectrum,3,NA",9,0.1,0.2,200,3
phylo,string,1,"gappy,4,1",9,0.1,0.2,200,3
nonphylo,string,1,"spectrum,4,NA",9,0.1,0.2,200,3
phylo,string,2,"mismatch,15,2",9,0.1,0.2,200,3
nonphylo,string,2,"spectrum,30,NA",9,0.1,0.2,200,3
phylo,string,3,"spectrum,28,NA",9,0.1,0.2,200,3
nonphylo,string,3,"mismatch,10,1",9,0.1,0.2,200,3
phylo,string,4,"gappy,10,5",9,0.1,0.2,200,3
nonphylo,string,4,"spectrum,30,NA",9,0.1,0.2,200,3
