phylo_spec,kernel,rep,kernel_name,RESAMPLE_BATCH_INDEX,SIGMA_SQ,TEST_SIZE,N_SAMPLES,SAMPLE_READ_DISP
phylo,string,0,"spectrum,10,NA",19,0.1,0.2,200,10
nonphylo,string,0,"gappy,10,1",19,0.1,0.2,200,10
phylo,string,1,"gappy,3,2",19,0.1,0.2,200,10
nonphylo,string,1,"spectrum,30,NA",19,0.1,0.2,200,10
phylo,string,2,"spectrum,18,NA",19,0.1,0.2,200,10
nonphylo,string,2,"spectrum,30,NA",19,0.1,0.2,200,10
phylo,string,3,"spectrum,6,NA",19,0.1,0.2,200,10
nonphylo,string,3,"spectrum,20,NA",19,0.1,0.2,200,10
phylo,string,4,"spectrum,23,NA",19,0.1,0.2,200,10
nonphylo,string,4,"spectrum,30,NA",19,0.1,0.2,200,10
