phylo_spec,kernel,rep,kernel_name,RESAMPLE_BATCH_INDEX,SIGMA_SQ,TEST_SIZE,N_SAMPLES,SAMPLE_READ_DISP
phylo,string,0,"mismatch,11,2",12,0.1,0.2,200,30
nonphylo,string,0,"spectrum,21,NA",12,0.1,0.2,200,30
phylo,string,1,"spectrum,30,NA",12,0.1,0.2,200,30
nonphylo,string,1,"mismatch,6,4",12,0.1,0.2,200,30
phylo,string,2,"gappy,8,5",12,0.1,0.2,200,30
nonphylo,string,2,"spectrum,23,NA",12,0.1,0.2,200,30
phylo,string,3,"gappy,3,2",12,0.1,0.2,200,30
nonphylo,string,3,"spectrum,30,NA",12,0.1,0.2,200,30
phylo,string,4,"mismatch,4,3",12,0.1,0.2,200,30
nonphylo,string,4,"spectrum,30,NA",12,0.1,0.2,200,30
