phylo_spec,kernel,rep,kernel_name,RESAMPLE_BATCH_INDEX,SIGMA_SQ,TEST_SIZE,N_SAMPLES,SAMPLE_READ_DISP
phylo,string,0,"mismatch,6,5",12,0.1,0.2,200,3
nonphylo,string,0,"mismatch,10,3",12,0.1,0.2,200,3
phylo,string,1,"spectrum,11,NA",12,0.1,0.2,200,3
nonphylo,string,1,"spectrum,30,NA",12,0.1,0.2,200,3
phylo,string,2,"spectrum,13,NA",12,0.1,0.2,200,3
nonphylo,string,2,"gappy,9,2",12,0.1,0.2,200,3
phylo,string,3,"spectrum,27,NA",12,0.1,0.2,200,3
nonphylo,string,3,"spectrum,30,NA",12,0.1,0.2,200,3
phylo,string,4,"gappy,7,5",12,0.1,0.2,200,3
nonphylo,string,4,"mismatch,5,2",12,0.1,0.2,200,3
