phylo_spec,kernel,rep,kernel_name,RESAMPLE_BATCH_INDEX,SIGMA_SQ,TEST_SIZE,N_SAMPLES,SAMPLE_READ_DISP
phylo,string,0,"spectrum,30,NA",16,0.1,0.2,400,3
nonphylo,string,0,"spectrum,30,NA",16,0.1,0.2,400,3
phylo,string,1,"gappy,8,5",16,0.1,0.2,400,3
nonphylo,string,1,"spectrum,30,NA",16,0.1,0.2,400,3
phylo,string,2,"gappy,8,5",16,0.1,0.2,400,3
nonphylo,string,2,"spectrum,30,NA",16,0.1,0.2,400,3
phylo,string,3,"mismatch,14,3",16,0.1,0.2,400,3
nonphylo,string,3,"mismatch,4,1",16,0.1,0.2,400,3
phylo,string,4,"gappy,5,3",16,0.1,0.2,400,3
nonphylo,string,4,"spectrum,30,NA",16,0.1,0.2,400,3
