phylo_spec,kernel,rep,kernel_name,RESAMPLE_BATCH_INDEX,SIGMA_SQ,TEST_SIZE,N_SAMPLES,SAMPLE_READ_DISP
phylo,string,0,"spectrum,14,NA",11,0.1,0.2,200,10
nonphylo,string,0,"mismatch,3,2",11,0.1,0.2,200,10
phylo,string,1,"gappy,10,5",11,0.1,0.2,200,10
nonphylo,string,1,"spectrum,30,NA",11,0.1,0.2,200,10
phylo,string,2,"spectrum,7,NA",11,0.1,0.2,200,10
nonphylo,string,2,"spectrum,30,NA",11,0.1,0.2,200,10
phylo,string,3,"mismatch,11,3",11,0.1,0.2,200,10
nonphylo,string,3,"mismatch,8,5",11,0.1,0.2,200,10
phylo,string,4,"gappy,7,5",11,0.1,0.2,200,10
nonphylo,string,4,"spectrum,4,NA",11,0.1,0.2,200,10
