phylo_spec,kernel,rep,kernel_name,RESAMPLE_BATCH_INDEX,SIGMA_SQ,TEST_SIZE,N_SAMPLES,SAMPLE_READ_DISP
phylo,string,0,"gappy,4,3",14,0.1,0.2,200,3
nonphylo,string,0,"spectrum,30,NA",14,0.1,0.2,200,3
phylo,string,1,"gappy,3,1",14,0.1,0.2,200,3
nonphylo,string,1,"spectrum,30,NA",14,0.1,0.2,200,3
phylo,string,2,"spectrum,26,NA",14,0.1,0.2,200,3
nonphylo,string,2,"spectrum,30,NA",14,0.1,0.2,200,3
phylo,string,3,"spectrum,8,NA",14,0.1,0.2,200,3
nonphylo,string,3,"spectrum,11,NA",14,0.1,0.2,200,3
phylo,string,4,"mismatch,14,3",14,0.1,0.2,200,3
nonphylo,string,4,"spectrum,30,NA",14,0.1,0.2,200,3
