phylo_spec,kernel,rep,kernel_name,RESAMPLE_BATCH_INDEX,SIGMA_SQ,TEST_SIZE,N_SAMPLES,SAMPLE_READ_DISP
phylo,string,0,"spectrum,23,NA",5,0.1,0.2,200,3
nonphylo,string,0,"spectrum,30,NA",5,0.1,0.2,200,3
phylo,string,1,"spectrum,22,NA",5,0.1,0.2,200,3
nonphylo,string,1,"spectrum,5,NA",5,0.1,0.2,200,3
phylo,string,2,"gappy,9,5",5,0.1,0.2,200,3
nonphylo,string,2,"mismatch,8,4",5,0.1,0.2,200,3
phylo,string,3,"gappy,7,4",5,0.1,0.2,200,3
nonphylo,string,3,"mismatch,8,1",5,0.1,0.2,200,3
phylo,string,4,"spectrum,30,NA",5,0.1,0.2,200,3
nonphylo,string,4,"spectrum,30,NA",5,0.1,0.2,200,3
