phylo_spec,kernel,rep,kernel_name,RESAMPLE_BATCH_INDEX,SIGMA_SQ,TEST_SIZE,N_SAMPLES,SAMPLE_READ_DISP
phylo,string,0,"gappy,6,5",19,0.1,0.2,200,10
nonphylo,string,0,"spectrum,18,NA",19,0.1,0.2,200,10
phylo,string,1,"gappy,4,3",19,0.1,0.2,200,10
nonphylo,string,1,"spectrum,30,NA",19,0.1,0.2,200,10
phylo,string,2,"gappy,6,1",19,0.1,0.2,200,10
nonphylo,string,2,"spectrum,15,NA",19,0.1,0.2,200,10
phylo,string,3,"gappy,4,3",19,0.1,0.2,200,10
nonphylo,string,3,"mismatch,6,5",19,0.1,0.2,200,10
phylo,string,4,"mismatch,15,2",19,0.1,0.2,200,10
nonphylo,string,4,"gappy,8,5",19,0.1,0.2,200,10
