phylo_spec,kernel,rep,kernel_name,RESAMPLE_BATCH_INDEX,SIGMA_SQ,TEST_SIZE,N_SAMPLES,SAMPLE_READ_DISP
phylo,string,0,"spectrum,17,NA",10,0.1,0.2,200,10
nonphylo,string,0,"mismatch,4,3",10,0.1,0.2,200,10
phylo,string,1,"mismatch,7,1",10,0.1,0.2,200,10
nonphylo,string,1,"spectrum,30,NA",10,0.1,0.2,200,10
phylo,string,2,"spectrum,7,NA",10,0.1,0.2,200,10
nonphylo,string,2,"gappy,9,5",10,0.1,0.2,200,10
phylo,string,3,"spectrum,22,NA",10,0.1,0.2,200,10
nonphylo,string,3,"spectrum,30,NA",10,0.1,0.2,200,10
phylo,string,4,"spectrum,21,NA",10,0.1,0.2,200,10
nonphylo,string,4,"spectrum,30,NA",10,0.1,0.2,200,10
