phylo_spec,kernel,rep,kernel_name,RESAMPLE_BATCH_INDEX,SIGMA_SQ,TEST_SIZE,N_SAMPLES,SAMPLE_READ_DISP
phylo,string,0,"spectrum,5,NA",14,0.1,0.2,200,30
nonphylo,string,0,"mismatch,7,4",14,0.1,0.2,200,30
phylo,string,1,"gappy,7,5",14,0.1,0.2,200,30
nonphylo,string,1,"mismatch,6,5",14,0.1,0.2,200,30
phylo,string,2,"mismatch,5,4",14,0.1,0.2,200,30
nonphylo,string,2,"spectrum,30,NA",14,0.1,0.2,200,30
phylo,string,3,"spectrum,8,NA",14,0.1,0.2,200,30
nonphylo,string,3,"mismatch,3,2",14,0.1,0.2,200,30
phylo,string,4,"spectrum,23,NA",14,0.1,0.2,200,30
nonphylo,string,4,"spectrum,30,NA",14,0.1,0.2,200,30
