phylo_spec,kernel,rep,kernel_name,RESAMPLE_BATCH_INDEX,SIGMA_SQ,TEST_SIZE,N_SAMPLES,SAMPLE_READ_DISP
phylo,string,0,"gappy,7,5",6,0.1,0.2,200,3
nonphylo,string,0,"mismatch,5,4",6,0.1,0.2,200,3
phylo,string,1,"spectrum,7,NA",6,0.1,0.2,200,3
nonphylo,string,1,"gappy,4,3",6,0.1,0.2,200,3
phylo,string,2,"gappy,7,5",6,0.1,0.2,200,3
nonphylo,string,2,"spectrum,3,NA",6,0.1,0.2,200,3
phylo,string,3,"spectrum,11,NA",6,0.1,0.2,200,3
nonphylo,string,3,"spectrum,30,NA",6,0.1,0.2,200,3
phylo,string,4,"spectrum,7,NA",6,0.1,0.2,200,3
nonphylo,string,4,"spectrum,30,NA",6,0.1,0.2,200,3
