phylo_spec,kernel,rep,kernel_name,RESAMPLE_BATCH_INDEX,SIGMA_SQ,TEST_SIZE,N_SAMPLES,SAMPLE_READ_DISP
phylo,string,0,"gappy,8,5",2,0.1,0.2,200,10
nonphylo,string,0,"mismatch,3,2",2,0.1,0.2,200,10
phylo,string,1,"gappy,8,2",2,0.1,0.2,200,10
nonphylo,string,1,"mismatch,15,1",2,0.1,0.2,200,10
phylo,string,2,"spectrum,15,NA",2,0.1,0.2,200,10
nonphylo,string,2,"gappy,6,3",2,0.1,0.2,200,10
phylo,string,3,"mismatch,8,1",2,0.1,0.2,200,10
nonphylo,string,3,"spectrum,17,NA",2,0.1,0.2,200,10
phylo,string,4,"gappy,6,5",2,0.1,0.2,200,10
nonphylo,string,4,"mismatch,7,3",2,0.1,0.2,200,10
