phylo_spec,kernel,rep,kernel_name,RESAMPLE_BATCH_INDEX,SIGMA_SQ,TEST_SIZE,N_SAMPLES,SAMPLE_READ_DISP
phylo,string,0,"spectrum,30,NA",4,0.1,0.2,400,3
nonphylo,string,0,"mismatch,6,4",4,0.1,0.2,400,3
phylo,string,1,"gappy,8,5",4,0.1,0.2,400,3
nonphylo,string,1,"spectrum,30,NA",4,0.1,0.2,400,3
phylo,string,2,"mismatch,14,3",4,0.1,0.2,400,3
nonphylo,string,2,"spectrum,30,NA",4,0.1,0.2,400,3
phylo,string,3,"spectrum,29,NA",4,0.1,0.2,400,3
nonphylo,string,3,"mismatch,7,3",4,0.1,0.2,400,3
phylo,string,4,"gappy,4,1",4,0.1,0.2,400,3
nonphylo,string,4,"mismatch,5,2",4,0.1,0.2,400,3
