phylo_spec,kernel,rep,kernel_name,RESAMPLE_BATCH_INDEX,SIGMA_SQ,TEST_SIZE,N_SAMPLES,SAMPLE_READ_DISP
phylo,string,0,"gappy,3,2",0,0.1,0.2,200,10
nonphylo,string,0,"mismatch,8,3",0,0.1,0.2,200,10
phylo,string,1,"gappy,2,1",0,0.1,0.2,200,10
nonphylo,string,1,"mismatch,6,5",0,0.1,0.2,200,10
phylo,string,2,"gappy,10,5",0,0.1,0.2,200,10
nonphylo,string,2,"spectrum,28,NA",0,0.1,0.2,200,10
phylo,string,3,"spectrum,8,NA",0,0.1,0.2,200,10
nonphylo,string,3,"spectrum,19,NA",0,0.1,0.2,200,10
phylo,string,4,"gappy,3,1",0,0.1,0.2,200,10
nonphylo,string,4,"mismatch,4,2",0,0.1,0.2,200,10
