phylo_spec,kernel,rep,kernel_name,RESAMPLE_BATCH_INDEX,SIGMA_SQ,TEST_SIZE,N_SAMPLES,SAMPLE_READ_DISP
phylo,string,0,"gappy,9,5",15,0.1,0.2,400,30
nonphylo,string,0,"spectrum,30,NA",15,0.1,0.2,400,30
phylo,string,1,"mismatch,13,2",15,0.1,0.2,400,30
nonphylo,string,1,"spectrum,19,NA",15,0.1,0.2,400,30
phylo,string,2,"gappy,9,5",15,0.1,0.2,400,30
nonphylo,string,2,"mismatch,9,3",15,0.1,0.2,400,30
phylo,string,3,"spectrum,25,NA",15,0.1,0.2,400,30
nonphylo,string,3,"spectrum,30,NA",15,0.1,0.2,400,30
phylo,string,4,"gappy,8,5",15,0.1,0.2,400,30
nonphylo,string,4,"spectrum,30,NA",15,0.1,0.2,400,30
