phylo_spec,kernel,rep,kernel_name,RESAMPLE_BATCH_INDEX,SIGMA_SQ,TEST_SIZE,N_SAMPLES,SAMPLE_READ_DISP
phylo,string,0,"spectrum,15,NA",11,0.1,0.2,400,10
nonphylo,string,0,"spectrum,30,NA",11,0.1,0.2,400,10
phylo,string,1,"gappy,4,2",11,0.1,0.2,400,10
nonphylo,string,1,"spectrum,30,NA",11,0.1,0.2,400,10
phylo,string,2,"gappy,7,5",11,0.1,0.2,400,10
nonphylo,string,2,"gappy,7,5",11,0.1,0.2,400,10
phylo,string,3,"gappy,4,2",11,0.1,0.2,400,10
nonphylo,string,3,"spectrum,30,NA",11,0.1,0.2,400,10
phylo,string,4,"mismatch,6,1",11,0.1,0.2,400,10
nonphylo,string,4,"spectrum,30,NA",11,0.1,0.2,400,10
