phylo_spec,kernel,rep,kernel_name,RESAMPLE_BATCH_INDEX,SIGMA_SQ,TEST_SIZE,N_SAMPLES,SAMPLE_READ_DISP
phylo,string,0,"spectrum,22,NA",17,0.1,0.2,200,3
nonphylo,string,0,"mismatch,5,2",17,0.1,0.2,200,3
phylo,string,1,"spectrum,30,NA",17,0.1,0.2,200,3
nonphylo,string,1,"spectrum,29,NA",17,0.1,0.2,200,3
phylo,string,2,"spectrum,8,NA",17,0.1,0.2,200,3
nonphylo,string,2,"gappy,6,4",17,0.1,0.2,200,3
phylo,string,3,"spectrum,5,NA",17,0.1,0.2,200,3
nonphylo,string,3,"mismatch,12,2",17,0.1,0.2,200,3
phylo,string,4,"mismatch,12,3",17,0.1,0.2,200,3
nonphylo,string,4,"spectrum,30,NA",17,0.1,0.2,200,3
