phylo_spec,kernel,rep,kernel_name,RESAMPLE_BATCH_INDEX,SIGMA_SQ,TEST_SIZE,N_SAMPLES,SAMPLE_READ_DISP
phylo,string,0,"spectrum,7,NA",9,0.1,0.2,200,30
nonphylo,string,0,"spectrum,30,NA",9,0.1,0.2,200,30
phylo,string,1,"spectrum,30,NA",9,0.1,0.2,200,30
nonphylo,string,1,"spectrum,30,NA",9,0.1,0.2,200,30
phylo,string,2,"spectrum,17,NA",9,0.1,0.2,200,30
nonphylo,string,2,"gappy,8,5",9,0.1,0.2,200,30
phylo,string,3,"mismatch,15,1",9,0.1,0.2,200,30
nonphylo,string,3,"spectrum,30,NA",9,0.1,0.2,200,30
phylo,string,4,"spectrum,28,NA",9,0.1,0.2,200,30
nonphylo,string,4,"spectrum,30,NA",9,0.1,0.2,200,30
