phylo_spec,kernel,rep,kernel_name,RESAMPLE_BATCH_INDEX,SIGMA_SQ,TEST_SIZE,N_SAMPLES,SAMPLE_READ_DISP
phylo,string,0,"spectrum,7,NA",14,0.1,0.2,400,30
nonphylo,string,0,"spectrum,30,NA",14,0.1,0.2,400,30
phylo,string,1,"gappy,4,3",14,0.1,0.2,400,30
nonphylo,string,1,"spectrum,30,NA",14,0.1,0.2,400,30
phylo,string,2,"spectrum,12,NA",14,0.1,0.2,400,30
nonphylo,string,2,"spectrum,30,NA",14,0.1,0.2,400,30
phylo,string,3,"gappy,6,5",14,0.1,0.2,400,30
nonphylo,string,3,"spectrum,30,NA",14,0.1,0.2,400,30
phylo,string,4,"spectrum,11,NA",14,0.1,0.2,400,30
nonphylo,string,4,"spectrum,30,NA",14,0.1,0.2,400,30
