phylo_spec,kernel,rep,kernel_name,RESAMPLE_BATCH_INDEX,SIGMA_SQ,TEST_SIZE,N_SAMPLES,SAMPLE_READ_DISP
phylo,string,0,"gappy,6,5",14,0.1,0.2,200,10
nonphylo,string,0,"spectrum,5,NA",14,0.1,0.2,200,10
phylo,string,1,"mismatch,14,3",14,0.1,0.2,200,10
nonphylo,string,1,"spectrum,30,NA",14,0.1,0.2,200,10
phylo,string,2,"spectrum,30,NA",14,0.1,0.2,200,10
nonphylo,string,2,"spectrum,30,NA",14,0.1,0.2,200,10
phylo,string,3,"gappy,5,4",14,0.1,0.2,200,10
nonphylo,string,3,"gappy,9,5",14,0.1,0.2,200,10
phylo,string,4,"gappy,8,5",14,0.1,0.2,200,10
nonphylo,string,4,"spectrum,30,NA",14,0.1,0.2,200,10
